<?xml version="1.0" encoding="utf-8"?>
<COLLADA xmlns="http://www.collada.org/2005/11/COLLADASchema" version="1.4.1" xmlns:xsi="http://www.w3.org/2001/XMLSchema-instance">
  <asset>
    <contributor>
      <author>Blender User</author>
      <authoring_tool>Blender 4.2.8 LTS commit date:2025-03-17, commit time:14:22, hash:7685fdbb99ae</authoring_tool>
    </contributor>
    <created>2025-03-21T11:45:58</created>
    <modified>2025-03-21T11:45:58</modified>
    <unit name="meter" meter="1"/>
    <up_axis>Z_UP</up_axis>
  </asset>
  <library_effects>
    <effect id="white-effect">
      <profile_COMMON>
        <technique sid="common">
          <lambert>
            <emission>
              <color sid="emission">0 0 0 1</color>
            </emission>
            <diffuse>
              <color sid="diffuse">1 1 1 1</color>
            </diffuse>
            <reflectivity>
              <float sid="specular">1</float>
            </reflectivity>
            <index_of_refraction>
              <float sid="ior">1.45</float>
            </index_of_refraction>
          </lambert>
        </technique>
      </profile_COMMON>
    </effect>
  </library_effects>
  <library_images/>
  <library_materials>
    <material id="white-material" name="white">
      <instance_effect url="#white-effect"/>
    </material>
  </library_materials>
  <library_geometries>
    <geometry id="GP12_T-mesh" name="GP12_T">
      <mesh>
        <source id="GP12_T-mesh-positions">
          <float_array id="GP12_T-mesh-positions-array" count="5040">895 0 1294.5 895 -5.296269 1294.037 895 -10.43161 1292.661 895 -15.25 1290.414 895 -19.60502 1287.364 895 -23.36436 1283.605 895 -26.41378 1279.25 895 -28.66063 1274.432 895 -30.03664 1269.296 895 -30.5 1264 895 -30.03664 1258.704 895 -28.66063 1253.568 895 -26.41378 1248.75 895 -23.36436 1244.395 895 -19.60502 1240.636 895 -15.25 1237.586 895 -10.43161 1235.339 895 -5.296269 1233.963 895 0 1233.5 895 5.296269 1233.963 895 10.43161 1235.339 895 15.25 1237.586 895 19.60502 1240.636 895 23.36436 1244.395 895 26.41378 1248.75 895 28.66063 1253.568 895 30.03664 1258.704 895 30.5 1264 895 30.03664 1269.296 895 28.66063 1274.432 895 26.41378 1279.25 895 23.36436 1283.605 895 19.60502 1287.364 895 15.25 1290.414 895 10.43161 1292.661 895 5.296269 1294.037 895 0 1294.5 894.5 0 1295 894.5 0 1233 894.5 -5.383093 1233.471 894.5 -10.60262 1234.869 894.5 -15.5 1237.153 894.5 -19.92642 1240.253 894.5 -23.74738 1244.074 894.5 -26.84679 1248.5 894.5 -29.13047 1253.397 894.5 -30.52904 1258.617 894.5 -31 1264 894.5 -30.52904 1269.383 894.5 -29.13047 1274.603 894.5 -26.84679 1279.5 894.5 -23.74738 1283.926 894.5 -19.92642 1287.747 894.5 -15.5 1290.847 894.5 -10.60262 1293.13 894.5 -5.383093 1294.529 894.5 0 1295 894.5 5.383093 1294.529 894.5 10.60262 1293.13 894.5 15.5 1290.847 894.5 19.92642 1287.747 894.5 23.74738 1283.926 894.5 26.84679 1279.5 894.5 29.13047 1274.603 894.5 30.52904 1269.383 894.5 31 1264 894.5 30.52904 1258.617 894.5 29.13047 1253.397 894.5 26.84679 1248.5 894.5 23.74738 1244.074 894.5 19.92642 1240.253 894.5 15.5 1237.153 894.5 10.60262 1234.869 894.5 5.383093 1233.471 895 0 1294.5 895 -5.296269 1294.037 895 -10.43161 1292.661 895 -15.25 1290.414 895 -19.60502 1287.364 895 -23.36436 1283.605 895 -26.41378 1279.25 895 -28.66063 1274.432 895 -30.03664 1269.296 895 -30.5 1264 895 -30.03664 1258.704 895 -28.66063 1253.568 895 -26.41378 1248.75 895 -23.36436 1244.395 895 -19.60502 1240.636 895 -15.25 1237.586 895 -10.43161 1235.339 895 -5.296269 1233.963 895 0 1233.5 895 5.296269 1233.963 895 10.43161 1235.339 895 15.25 1237.586 895 19.60502 1240.636 895 23.36436 1244.395 895 26.41378 1248.75 895 28.66063 1253.568 895 30.03664 1258.704 895 30.5 1264 895 30.03664 1269.296 895 28.66063 1274.432 895 26.41378 1279.25 895 23.36436 1283.605 895 19.60502 1287.364 895 15.25 1290.414 895 10.43161 1292.661 895 5.296269 1294.037 895 0 1239 895 -4.341205 1239.38 895 -8.550504 1240.508 895 -12.5 1242.349 895 -16.06969 1244.849 895 -19.15111 1247.93 895 -21.65064 1251.5 895 -23.49232 1255.449 895 -24.62019 1259.659 895 -25 1264 895 -24.62019 1268.341 895 -23.49232 1272.551 895 -21.65064 1276.5 895 -19.15111 1280.07 895 -16.06969 1283.151 895 -12.5 1285.651 895 -8.550504 1287.492 895 -4.341205 1288.62 895 0 1289 895 4.341205 1288.62 895 8.550504 1287.492 895 12.5 1285.651 895 16.06969 1283.151 895 19.15111 1280.07 895 21.65064 1276.5 895 23.49232 1272.551 895 24.62019 1268.341 895 25 1264 895 24.62019 1259.659 895 23.49232 1255.449 895 21.65064 1251.5 895 19.15111 1247.93 895 16.06969 1244.849 895 12.5 1242.349 895 8.550504 1240.508 895 4.341205 1239.38 895 10.71514 1288.219 895 10.42862 1288.244 895 10.1508 1288.318 895 9.890136 1288.44 895 9.654537 1288.605 895 9.451163 1288.808 895 9.286194 1289.044 895 9.164644 1289.304 895 9.090204 1289.582 895 9.065136 1289.869 895 9.090204 1290.155 895 9.164644 1290.433 895 9.286194 1290.694 895 9.451163 1290.929 895 9.654537 1291.133 895 9.890136 1291.298 895 10.1508 1291.419 895 10.42862 1291.494 895 10.71514 1291.519 895 11.00166 1291.494 895 11.27947 1291.419 895 11.54014 1291.298 895 11.77574 1291.133 895 11.97911 1290.929 895 12.14408 1290.694 895 12.26563 1290.433 895 12.34007 1290.155 895 12.36514 1289.869 895 12.34007 1289.582 895 12.26563 1289.304 895 12.14408 1289.044 895 11.97911 1288.808 895 11.77574 1288.605 895 11.54014 1288.44 895 11.27947 1288.318 895 11.00166 1288.244 895 25.86863 1273.065 895 25.58211 1273.09 895 25.3043 1273.165 895 25.04363 1273.286 895 24.80803 1273.451 895 24.60466 1273.655 895 24.43969 1273.89 895 24.31814 1274.151 895 24.2437 1274.429 895 24.21863 1274.715 895 24.2437 1275.002 895 24.31814 1275.279 895 24.43969 1275.54 895 24.60466 1275.776 895 24.80803 1275.979 895 25.04363 1276.144 895 25.3043 1276.266 895 25.58211 1276.34 895 25.86863 1276.365 895 26.15515 1276.34 895 26.43296 1276.266 895 26.69363 1276.144 895 26.92923 1275.979 895 27.1326 1275.776 895 27.29757 1275.54 895 27.41912 1275.279 895 27.49356 1275.002 895 27.51863 1274.715 895 27.49356 1274.429 895 27.41912 1274.151 895 27.29757 1273.89 895 27.1326 1273.655 895 26.92923 1273.451 895 26.69363 1273.286 895 26.43296 1273.165 895 26.15515 1273.09 895 25.86863 1251.635 895 25.58211 1251.66 895 25.3043 1251.734 895 25.04363 1251.856 895 24.80803 1252.021 895 24.60466 1252.224 895 24.43969 1252.46 895 24.31814 1252.721 895 24.2437 1252.998 895 24.21863 1253.285 895 24.2437 1253.571 895 24.31814 1253.849 895 24.43969 1254.11 895 24.60466 1254.345 895 24.80803 1254.549 895 25.04363 1254.714 895 25.3043 1254.835 895 25.58211 1254.91 895 25.86863 1254.935 895 26.15515 1254.91 895 26.43296 1254.835 895 26.69363 1254.714 895 26.92923 1254.549 895 27.1326 1254.345 895 27.29757 1254.11 895 27.41912 1253.849 895 27.49356 1253.571 895 27.51863 1253.285 895 27.49356 1252.998 895 27.41912 1252.721 895 27.29757 1252.46 895 27.1326 1252.224 895 26.92923 1252.021 895 26.69363 1251.856 895 26.43296 1251.734 895 26.15515 1251.66 895 10.71514 1236.481 895 10.42862 1236.506 895 10.1508 1236.581 895 9.890136 1236.702 895 9.654537 1236.867 895 9.451163 1237.071 895 9.286194 1237.306 895 9.164644 1237.567 895 9.090204 1237.845 895 9.065136 1238.131 895 9.090204 1238.418 895 9.164644 1238.696 895 9.286194 1238.956 895 9.451163 1239.192 895 9.654537 1239.395 895 9.890136 1239.56 895 10.1508 1239.682 895 10.42862 1239.756 895 10.71514 1239.781 895 11.00166 1239.756 895 11.27947 1239.682 895 11.54014 1239.56 895 11.77574 1239.395 895 11.97911 1239.192 895 12.14408 1238.956 895 12.26563 1238.696 895 12.34007 1238.418 895 12.36514 1238.131 895 12.34007 1237.845 895 12.26563 1237.567 895 12.14408 1237.306 895 11.97911 1237.071 895 11.77574 1236.867 895 11.54014 1236.702 895 11.27947 1236.581 895 11.00166 1236.506 895 -10.71514 1236.481 895 -11.00166 1236.506 895 -11.27947 1236.581 895 -11.54014 1236.702 895 -11.77574 1236.867 895 -11.97911 1237.071 895 -12.14408 1237.306 895 -12.26563 1237.567 895 -12.34007 1237.845 895 -12.36514 1238.131 895 -12.34007 1238.418 895 -12.26563 1238.696 895 -12.14408 1238.956 895 -11.97911 1239.192 895 -11.77574 1239.395 895 -11.54014 1239.56 895 -11.27947 1239.682 895 -11.00166 1239.756 895 -10.71514 1239.781 895 -10.42862 1239.756 895 -10.1508 1239.682 895 -9.890136 1239.56 895 -9.654537 1239.395 895 -9.451163 1239.192 895 -9.286194 1238.956 895 -9.164644 1238.696 895 -9.090204 1238.418 895 -9.065136 1238.131 895 -9.090204 1237.845 895 -9.164644 1237.567 895 -9.286194 1237.306 895 -9.451163 1237.071 895 -9.654537 1236.867 895 -9.890136 1236.702 895 -10.1508 1236.581 895 -10.42862 1236.506 895 -25.86863 1251.635 895 -26.15515 1251.66 895 -26.43296 1251.734 895 -26.69363 1251.856 895 -26.92923 1252.021 895 -27.1326 1252.224 895 -27.29757 1252.46 895 -27.41912 1252.721 895 -27.49356 1252.998 895 -27.51863 1253.285 895 -27.49356 1253.571 895 -27.41912 1253.849 895 -27.29757 1254.11 895 -27.1326 1254.345 895 -26.92923 1254.549 895 -26.69363 1254.714 895 -26.43296 1254.835 895 -26.15515 1254.91 895 -25.86863 1254.935 895 -25.58211 1254.91 895 -25.3043 1254.835 895 -25.04363 1254.714 895 -24.80803 1254.549 895 -24.60466 1254.345 895 -24.43969 1254.11 895 -24.31814 1253.849 895 -24.2437 1253.571 895 -24.21863 1253.285 895 -24.2437 1252.998 895 -24.31814 1252.721 895 -24.43969 1252.46 895 -24.60466 1252.224 895 -24.80803 1252.021 895 -25.04363 1251.856 895 -25.3043 1251.734 895 -25.58211 1251.66 895 -25.86863 1273.065 895 -26.15515 1273.09 895 -26.43296 1273.165 895 -26.69363 1273.286 895 -26.92923 1273.451 895 -27.1326 1273.655 895 -27.29757 1273.89 895 -27.41912 1274.151 895 -27.49356 1274.429 895 -27.51863 1274.715 895 -27.49356 1275.002 895 -27.41912 1275.279 895 -27.29757 1275.54 895 -27.1326 1275.776 895 -26.92923 1275.979 895 -26.69363 1276.144 895 -26.43296 1276.266 895 -26.15515 1276.34 895 -25.86863 1276.365 895 -25.58211 1276.34 895 -25.3043 1276.266 895 -25.04363 1276.144 895 -24.80803 1275.979 895 -24.60466 1275.776 895 -24.43969 1275.54 895 -24.31814 1275.279 895 -24.2437 1275.002 895 -24.21863 1274.715 895 -24.2437 1274.429 895 -24.31814 1274.151 895 -24.43969 1273.89 895 -24.60466 1273.655 895 -24.80803 1273.451 895 -25.04363 1273.286 895 -25.3043 1273.165 895 -25.58211 1273.09 895 -10.71514 1288.219 895 -11.00166 1288.244 895 -11.27947 1288.318 895 -11.54014 1288.44 895 -11.77574 1288.605 895 -11.97911 1288.808 895 -12.14408 1289.044 895 -12.26563 1289.304 895 -12.34007 1289.582 895 -12.36514 1289.869 895 -12.34007 1290.155 895 -12.26563 1290.433 895 -12.14408 1290.694 895 -11.97911 1290.929 895 -11.77574 1291.133 895 -11.54014 1291.298 895 -11.27947 1291.419 895 -11.00166 1291.494 895 -10.71514 1291.519 895 -10.42862 1291.494 895 -10.1508 1291.419 895 -9.890136 1291.298 895 -9.654537 1291.133 895 -9.451163 1290.929 895 -9.286194 1290.694 895 -9.164644 1290.433 895 -9.090204 1290.155 895 -9.065136 1289.869 895 -9.090204 1289.582 895 -9.164644 1289.304 895 -9.286194 1289.044 895 -9.451163 1288.808 895 -9.654537 1288.605 895 -9.890136 1288.44 895 -10.1508 1288.318 895 -10.42862 1288.244 895 0 1294 895 0.347296 1293.97 895 0.68404 1293.879 895 1 1293.732 895 1.285575 1293.532 895 1.532089 1293.286 895 1.732051 1293 895 1.879385 1292.684 895 1.969615 1292.347 895 2 1292 895 1.969615 1291.653 895 1.879385 1291.316 895 1.732051 1291 895 1.532089 1290.714 895 1.285575 1290.468 895 1 1290.268 895 0.68404 1290.121 895 0.347296 1290.03 895 0 1290 895 -0.347296 1290.03 895 -0.68404 1290.121 895 -1 1290.268 895 -1.285575 1290.468 895 -1.532089 1290.714 895 -1.732051 1291 895 -1.879385 1291.316 895 -1.969615 1291.653 895 -2 1292 895 -1.969615 1292.347 895 -1.879385 1292.684 895 -1.732051 1293 895 -1.532089 1293.286 895 -1.285575 1293.532 895 -1 1293.732 895 -0.68404 1293.879 895 -0.347296 1293.97 889 0 1233 889 5.383093 1233.471 889 10.60262 1234.869 889 15.5 1237.153 889 19.92642 1240.253 889 23.74738 1244.074 889 26.84679 1248.5 889 29.13047 1253.397 889 30.52904 1258.617 889 31 1264 889 30.52904 1269.383 889 29.13047 1274.603 889 26.84679 1279.5 889 23.74738 1283.926 889 19.92642 1287.747 889 15.5 1290.847 889 10.60262 1293.13 889 5.383093 1294.529 889 0 1295 889 -5.383093 1294.529 889 -10.60262 1293.13 889 -15.5 1290.847 889 -19.92642 1287.747 889 -23.74738 1283.926 889 -26.84679 1279.5 889 -29.13047 1274.603 889 -30.52904 1269.383 889 -31 1264 889 -30.52904 1258.617 889 -29.13047 1253.397 889 -26.84679 1248.5 889 -23.74738 1244.074 889 -19.92642 1240.253 889 -15.5 1237.153 889 -10.60262 1234.869 889 -5.383093 1233.471 889 0 1233 894.5 0 1233 894.5 -5.383093 1233.471 894.5 -10.60262 1234.869 894.5 -15.5 1237.153 894.5 -19.92642 1240.253 894.5 -23.74738 1244.074 894.5 -26.84679 1248.5 894.5 -29.13047 1253.397 894.5 -30.52904 1258.617 894.5 -31 1264 894.5 -30.52904 1269.383 894.5 -29.13047 1274.603 894.5 -26.84679 1279.5 894.5 -23.74738 1283.926 894.5 -19.92642 1287.747 894.5 -15.5 1290.847 894.5 -10.60262 1293.13 894.5 -5.383093 1294.529 894.5 0 1295 894.5 5.383093 1294.529 894.5 10.60262 1293.13 894.5 15.5 1290.847 894.5 19.92642 1287.747 894.5 23.74738 1283.926 894.5 26.84679 1279.5 894.5 29.13047 1274.603 894.5 30.52904 1269.383 894.5 31 1264 894.5 30.52904 1258.617 894.5 29.13047 1253.397 894.5 26.84679 1248.5 894.5 23.74738 1244.074 894.5 19.92642 1240.253 894.5 15.5 1237.153 894.5 10.60262 1234.869 894.5 5.383093 1233.471 894.5 0 1233 889 0 1239 889 -4.341205 1239.38 889 -8.550504 1240.508 889 -12.5 1242.349 889 -16.06969 1244.849 889 -19.15111 1247.93 889 -21.65064 1251.5 889 -23.49232 1255.449 889 -24.62019 1259.659 889 -25 1264 889 -24.62019 1268.341 889 -23.49232 1272.551 889 -21.65064 1276.5 889 -19.15111 1280.07 889 -16.06969 1283.151 889 -12.5 1285.651 889 -8.550504 1287.492 889 -4.341205 1288.62 889 0 1289 889 4.341205 1288.62 889 8.550504 1287.492 889 12.5 1285.651 889 16.06969 1283.151 889 19.15111 1280.07 889 21.65064 1276.5 889 23.49232 1272.551 889 24.62019 1268.341 889 25 1264 889 24.62019 1259.659 889 23.49232 1255.449 889 21.65064 1251.5 889 19.15111 1247.93 889 16.06969 1244.849 889 12.5 1242.349 889 8.550504 1240.508 889 4.341205 1239.38 889 0 1239 895 0 1239 895 -4.341205 1239.38 895 -8.550504 1240.508 895 -12.5 1242.349 895 -16.06969 1244.849 895 -19.15111 1247.93 895 -21.65064 1251.5 895 -23.49232 1255.449 895 -24.62019 1259.659 895 -25 1264 895 -24.62019 1268.341 895 -23.49232 1272.551 895 -21.65064 1276.5 895 -19.15111 1280.07 895 -16.06969 1283.151 895 -12.5 1285.651 895 -8.550504 1287.492 895 -4.341205 1288.62 895 0 1289 895 4.341205 1288.62 895 8.550504 1287.492 895 12.5 1285.651 895 16.06969 1283.151 895 19.15111 1280.07 895 21.65064 1276.5 895 23.49232 1272.551 895 24.62019 1268.341 895 25 1264 895 24.62019 1259.659 895 23.49232 1255.449 895 21.65064 1251.5 895 19.15111 1247.93 895 16.06969 1244.849 895 12.5 1242.349 895 8.550504 1240.508 895 4.341205 1239.38 895 0 1239 889 0 1233 889 5.383093 1233.471 889 10.60262 1234.869 889 15.5 1237.153 889 19.92642 1240.253 889 23.74738 1244.074 889 26.84679 1248.5 889 29.13047 1253.397 889 30.52904 1258.617 889 31 1264 889 30.52904 1269.383 889 29.13047 1274.603 889 26.84679 1279.5 889 23.74738 1283.926 889 19.92642 1287.747 889 15.5 1290.847 889 10.60262 1293.13 889 5.383093 1294.529 889 0 1295 889 -5.383093 1294.529 889 -10.60262 1293.13 889 -15.5 1290.847 889 -19.92642 1287.747 889 -23.74738 1283.926 889 -26.84679 1279.5 889 -29.13047 1274.603 889 -30.52904 1269.383 889 -31 1264 889 -30.52904 1258.617 889 -29.13047 1253.397 889 -26.84679 1248.5 889 -23.74738 1244.074 889 -19.92642 1240.253 889 -15.5 1237.153 889 -10.60262 1234.869 889 -5.383093 1233.471 889 0 1239 889 -4.341205 1239.38 889 -8.550504 1240.508 889 -12.5 1242.349 889 -16.06969 1244.849 889 -19.15111 1247.93 889 -21.65064 1251.5 889 -23.49232 1255.449 889 -24.62019 1259.659 889 -25 1264 889 -24.62019 1268.341 889 -23.49232 1272.551 889 -21.65064 1276.5 889 -19.15111 1280.07 889 -16.06969 1283.151 889 -12.5 1285.651 889 -8.550504 1287.492 889 -4.341205 1288.62 889 0 1289 889 4.341205 1288.62 889 8.550504 1287.492 889 12.5 1285.651 889 16.06969 1283.151 889 19.15111 1280.07 889 21.65064 1276.5 889 23.49232 1272.551 889 24.62019 1268.341 889 25 1264 889 24.62019 1259.659 889 23.49232 1255.449 889 21.65064 1251.5 889 19.15111 1247.93 889 16.06969 1244.849 889 12.5 1242.349 889 8.550504 1240.508 889 4.341205 1239.38 889 10.71514 1288.219 889 10.42862 1288.244 889 10.1508 1288.318 889 9.890136 1288.44 889 9.654537 1288.605 889 9.451163 1288.808 889 9.286194 1289.044 889 9.164644 1289.304 889 9.090204 1289.582 889 9.065136 1289.869 889 9.090204 1290.155 889 9.164644 1290.433 889 9.286194 1290.694 889 9.451163 1290.929 889 9.654537 1291.133 889 9.890136 1291.298 889 10.1508 1291.419 889 10.42862 1291.494 889 10.71514 1291.519 889 11.00166 1291.494 889 11.27947 1291.419 889 11.54014 1291.298 889 11.77574 1291.133 889 11.97911 1290.929 889 12.14408 1290.694 889 12.26563 1290.433 889 12.34007 1290.155 889 12.36514 1289.869 889 12.34007 1289.582 889 12.26563 1289.304 889 12.14408 1289.044 889 11.97911 1288.808 889 11.77574 1288.605 889 11.54014 1288.44 889 11.27947 1288.318 889 11.00166 1288.244 889 25.86863 1273.065 889 25.58211 1273.09 889 25.3043 1273.165 889 25.04363 1273.286 889 24.80803 1273.451 889 24.60466 1273.655 889 24.43969 1273.89 889 24.31814 1274.151 889 24.2437 1274.429 889 24.21863 1274.715 889 24.2437 1275.002 889 24.31814 1275.279 889 24.43969 1275.54 889 24.60466 1275.776 889 24.80803 1275.979 889 25.04363 1276.144 889 25.3043 1276.266 889 25.58211 1276.34 889 25.86863 1276.365 889 26.15515 1276.34 889 26.43296 1276.266 889 26.69363 1276.144 889 26.92923 1275.979 889 27.1326 1275.776 889 27.29757 1275.54 889 27.41912 1275.279 889 27.49356 1275.002 889 27.51863 1274.715 889 27.49356 1274.429 889 27.41912 1274.151 889 27.29757 1273.89 889 27.1326 1273.655 889 26.92923 1273.451 889 26.69363 1273.286 889 26.43296 1273.165 889 26.15515 1273.09 889 25.86863 1251.635 889 25.58211 1251.66 889 25.3043 1251.734 889 25.04363 1251.856 889 24.80803 1252.021 889 24.60466 1252.224 889 24.43969 1252.46 889 24.31814 1252.721 889 24.2437 1252.998 889 24.21863 1253.285 889 24.2437 1253.571 889 24.31814 1253.849 889 24.43969 1254.11 889 24.60466 1254.345 889 24.80803 1254.549 889 25.04363 1254.714 889 25.3043 1254.835 889 25.58211 1254.91 889 25.86863 1254.935 889 26.15515 1254.91 889 26.43296 1254.835 889 26.69363 1254.714 889 26.92923 1254.549 889 27.1326 1254.345 889 27.29757 1254.11 889 27.41912 1253.849 889 27.49356 1253.571 889 27.51863 1253.285 889 27.49356 1252.998 889 27.41912 1252.721 889 27.29757 1252.46 889 27.1326 1252.224 889 26.92923 1252.021 889 26.69363 1251.856 889 26.43296 1251.734 889 26.15515 1251.66 889 10.71514 1236.481 889 10.42862 1236.506 889 10.1508 1236.581 889 9.890136 1236.702 889 9.654537 1236.867 889 9.451163 1237.071 889 9.286194 1237.306 889 9.164644 1237.567 889 9.090204 1237.845 889 9.065136 1238.131 889 9.090204 1238.418 889 9.164644 1238.696 889 9.286194 1238.956 889 9.451163 1239.192 889 9.654537 1239.395 889 9.890136 1239.56 889 10.1508 1239.682 889 10.42862 1239.756 889 10.71514 1239.781 889 11.00166 1239.756 889 11.27947 1239.682 889 11.54014 1239.56 889 11.77574 1239.395 889 11.97911 1239.192 889 12.14408 1238.956 889 12.26563 1238.696 889 12.34007 1238.418 889 12.36514 1238.131 889 12.34007 1237.845 889 12.26563 1237.567 889 12.14408 1237.306 889 11.97911 1237.071 889 11.77574 1236.867 889 11.54014 1236.702 889 11.27947 1236.581 889 11.00166 1236.506 889 -10.71514 1236.481 889 -11.00166 1236.506 889 -11.27947 1236.581 889 -11.54014 1236.702 889 -11.77574 1236.867 889 -11.97911 1237.071 889 -12.14408 1237.306 889 -12.26563 1237.567 889 -12.34007 1237.845 889 -12.36514 1238.131 889 -12.34007 1238.418 889 -12.26563 1238.696 889 -12.14408 1238.956 889 -11.97911 1239.192 889 -11.77574 1239.395 889 -11.54014 1239.56 889 -11.27947 1239.682 889 -11.00166 1239.756 889 -10.71514 1239.781 889 -10.42862 1239.756 889 -10.1508 1239.682 889 -9.890136 1239.56 889 -9.654537 1239.395 889 -9.451163 1239.192 889 -9.286194 1238.956 889 -9.164644 1238.696 889 -9.090204 1238.418 889 -9.065136 1238.131 889 -9.090204 1237.845 889 -9.164644 1237.567 889 -9.286194 1237.306 889 -9.451163 1237.071 889 -9.654537 1236.867 889 -9.890136 1236.702 889 -10.1508 1236.581 889 -10.42862 1236.506 889 -25.86863 1251.635 889 -26.15515 1251.66 889 -26.43296 1251.734 889 -26.69363 1251.856 889 -26.92923 1252.021 889 -27.1326 1252.224 889 -27.29757 1252.46 889 -27.41912 1252.721 889 -27.49356 1252.998 889 -27.51863 1253.285 889 -27.49356 1253.571 889 -27.41912 1253.849 889 -27.29757 1254.11 889 -27.1326 1254.345 889 -26.92923 1254.549 889 -26.69363 1254.714 889 -26.43296 1254.835 889 -26.15515 1254.91 889 -25.86863 1254.935 889 -25.58211 1254.91 889 -25.3043 1254.835 889 -25.04363 1254.714 889 -24.80803 1254.549 889 -24.60466 1254.345 889 -24.43969 1254.11 889 -24.31814 1253.849 889 -24.2437 1253.571 889 -24.21863 1253.285 889 -24.2437 1252.998 889 -24.31814 1252.721 889 -24.43969 1252.46 889 -24.60466 1252.224 889 -24.80803 1252.021 889 -25.04363 1251.856 889 -25.3043 1251.734 889 -25.58211 1251.66 889 -25.86863 1273.065 889 -26.15515 1273.09 889 -26.43296 1273.165 889 -26.69363 1273.286 889 -26.92923 1273.451 889 -27.1326 1273.655 889 -27.29757 1273.89 889 -27.41912 1274.151 889 -27.49356 1274.429 889 -27.51863 1274.715 889 -27.49356 1275.002 889 -27.41912 1275.279 889 -27.29757 1275.54 889 -27.1326 1275.776 889 -26.92923 1275.979 889 -26.69363 1276.144 889 -26.43296 1276.266 889 -26.15515 1276.34 889 -25.86863 1276.365 889 -25.58211 1276.34 889 -25.3043 1276.266 889 -25.04363 1276.144 889 -24.80803 1275.979 889 -24.60466 1275.776 889 -24.43969 1275.54 889 -24.31814 1275.279 889 -24.2437 1275.002 889 -24.21863 1274.715 889 -24.2437 1274.429 889 -24.31814 1274.151 889 -24.43969 1273.89 889 -24.60466 1273.655 889 -24.80803 1273.451 889 -25.04363 1273.286 889 -25.3043 1273.165 889 -25.58211 1273.09 889 -10.71514 1288.219 889 -11.00166 1288.244 889 -11.27947 1288.318 889 -11.54014 1288.44 889 -11.77574 1288.605 889 -11.97911 1288.808 889 -12.14408 1289.044 889 -12.26563 1289.304 889 -12.34007 1289.582 889 -12.36514 1289.869 889 -12.34007 1290.155 889 -12.26563 1290.433 889 -12.14408 1290.694 889 -11.97911 1290.929 889 -11.77574 1291.133 889 -11.54014 1291.298 889 -11.27947 1291.419 889 -11.00166 1291.494 889 -10.71514 1291.519 889 -10.42862 1291.494 889 -10.1508 1291.419 889 -9.890136 1291.298 889 -9.654537 1291.133 889 -9.451163 1290.929 889 -9.286194 1290.694 889 -9.164644 1290.433 889 -9.090204 1290.155 889 -9.065136 1289.869 889 -9.090204 1289.582 889 -9.164644 1289.304 889 -9.286194 1289.044 889 -9.451163 1288.808 889 -9.654537 1288.605 889 -9.890136 1288.44 889 -10.1508 1288.318 889 -10.42862 1288.244 889 0 1294 889 0.347296 1293.97 889 0.68404 1293.879 889 1 1293.732 889 1.285575 1293.532 889 1.532089 1293.286 889 1.732051 1293 889 1.879385 1292.684 889 1.969615 1292.347 889 2 1292 889 1.969615 1291.653 889 1.879385 1291.316 889 1.732051 1291 889 1.532089 1290.714 889 1.285575 1290.468 889 1 1290.268 889 0.68404 1290.121 889 0.347296 1290.03 889 0 1290 889 -0.347296 1290.03 889 -0.68404 1290.121 889 -1 1290.268 889 -1.285575 1290.468 889 -1.532089 1290.714 889 -1.732051 1291 889 -1.879385 1291.316 889 -1.969615 1291.653 889 -2 1292 889 -1.969615 1292.347 889 -1.879385 1292.684 889 -1.732051 1293 889 -1.532089 1293.286 889 -1.285575 1293.532 889 -1 1293.732 889 -0.68404 1293.879 889 -0.347296 1293.97 889 10.71514 1288.219 889 10.42862 1288.244 889 10.1508 1288.318 889 9.890136 1288.44 889 9.654537 1288.605 889 9.451163 1288.808 889 9.286194 1289.044 889 9.164644 1289.304 889 9.090204 1289.582 889 9.065136 1289.869 889 9.090204 1290.155 889 9.164644 1290.433 889 9.286194 1290.694 889 9.451163 1290.929 889 9.654537 1291.133 889 9.890136 1291.298 889 10.1508 1291.419 889 10.42862 1291.494 889 10.71514 1291.519 889 11.00166 1291.494 889 11.27947 1291.419 889 11.54014 1291.298 889 11.77574 1291.133 889 11.97911 1290.929 889 12.14408 1290.694 889 12.26563 1290.433 889 12.34007 1290.155 889 12.36514 1289.869 889 12.34007 1289.582 889 12.26563 1289.304 889 12.14408 1289.044 889 11.97911 1288.808 889 11.77574 1288.605 889 11.54014 1288.44 889 11.27947 1288.318 889 11.00166 1288.244 889 10.71514 1288.219 895 10.71514 1288.219 895 10.42862 1288.244 895 10.1508 1288.318 895 9.890136 1288.44 895 9.654537 1288.605 895 9.451163 1288.808 895 9.286194 1289.044 895 9.164644 1289.304 895 9.090204 1289.582 895 9.065136 1289.869 895 9.090204 1290.155 895 9.164644 1290.433 895 9.286194 1290.694 895 9.451163 1290.929 895 9.654537 1291.133 895 9.890136 1291.298 895 10.1508 1291.419 895 10.42862 1291.494 895 10.71514 1291.519 895 11.00166 1291.494 895 11.27947 1291.419 895 11.54014 1291.298 895 11.77574 1291.133 895 11.97911 1290.929 895 12.14408 1290.694 895 12.26563 1290.433 895 12.34007 1290.155 895 12.36514 1289.869 895 12.34007 1289.582 895 12.26563 1289.304 895 12.14408 1289.044 895 11.97911 1288.808 895 11.77574 1288.605 895 11.54014 1288.44 895 11.27947 1288.318 895 11.00166 1288.244 895 10.71514 1288.219 889 25.86863 1273.065 889 25.58211 1273.09 889 25.3043 1273.165 889 25.04363 1273.286 889 24.80803 1273.451 889 24.60466 1273.655 889 24.43969 1273.89 889 24.31814 1274.151 889 24.2437 1274.429 889 24.21863 1274.715 889 24.2437 1275.002 889 24.31814 1275.279 889 24.43969 1275.54 889 24.60466 1275.776 889 24.80803 1275.979 889 25.04363 1276.144 889 25.3043 1276.266 889 25.58211 1276.34 889 25.86863 1276.365 889 26.15515 1276.34 889 26.43296 1276.266 889 26.69363 1276.144 889 26.92923 1275.979 889 27.1326 1275.776 889 27.29757 1275.54 889 27.41912 1275.279 889 27.49356 1275.002 889 27.51863 1274.715 889 27.49356 1274.429 889 27.41912 1274.151 889 27.29757 1273.89 889 27.1326 1273.655 889 26.92923 1273.451 889 26.69363 1273.286 889 26.43296 1273.165 889 26.15515 1273.09 889 25.86863 1273.065 895 25.86863 1273.065 895 25.58211 1273.09 895 25.3043 1273.165 895 25.04363 1273.286 895 24.80803 1273.451 895 24.60466 1273.655 895 24.43969 1273.89 895 24.31814 1274.151 895 24.2437 1274.429 895 24.21863 1274.715 895 24.2437 1275.002 895 24.31814 1275.279 895 24.43969 1275.54 895 24.60466 1275.776 895 24.80803 1275.979 895 25.04363 1276.144 895 25.3043 1276.266 895 25.58211 1276.34 895 25.86863 1276.365 895 26.15515 1276.34 895 26.43296 1276.266 895 26.69363 1276.144 895 26.92923 1275.979 895 27.1326 1275.776 895 27.29757 1275.54 895 27.41912 1275.279 895 27.49356 1275.002 895 27.51863 1274.715 895 27.49356 1274.429 895 27.41912 1274.151 895 27.29757 1273.89 895 27.1326 1273.655 895 26.92923 1273.451 895 26.69363 1273.286 895 26.43296 1273.165 895 26.15515 1273.09 895 25.86863 1273.065 889 25.86863 1251.635 889 25.58211 1251.66 889 25.3043 1251.734 889 25.04363 1251.856 889 24.80803 1252.021 889 24.60466 1252.224 889 24.43969 1252.46 889 24.31814 1252.721 889 24.2437 1252.998 889 24.21863 1253.285 889 24.2437 1253.571 889 24.31814 1253.849 889 24.43969 1254.11 889 24.60466 1254.345 889 24.80803 1254.549 889 25.04363 1254.714 889 25.3043 1254.835 889 25.58211 1254.91 889 25.86863 1254.935 889 26.15515 1254.91 889 26.43296 1254.835 889 26.69363 1254.714 889 26.92923 1254.549 889 27.1326 1254.345 889 27.29757 1254.11 889 27.41912 1253.849 889 27.49356 1253.571 889 27.51863 1253.285 889 27.49356 1252.998 889 27.41912 1252.721 889 27.29757 1252.46 889 27.1326 1252.224 889 26.92923 1252.021 889 26.69363 1251.856 889 26.43296 1251.734 889 26.15515 1251.66 889 25.86863 1251.635 895 25.86863 1251.635 895 25.58211 1251.66 895 25.3043 1251.734 895 25.04363 1251.856 895 24.80803 1252.021 895 24.60466 1252.224 895 24.43969 1252.46 895 24.31814 1252.721 895 24.2437 1252.998 895 24.21863 1253.285 895 24.2437 1253.571 895 24.31814 1253.849 895 24.43969 1254.11 895 24.60466 1254.345 895 24.80803 1254.549 895 25.04363 1254.714 895 25.3043 1254.835 895 25.58211 1254.91 895 25.86863 1254.935 895 26.15515 1254.91 895 26.43296 1254.835 895 26.69363 1254.714 895 26.92923 1254.549 895 27.1326 1254.345 895 27.29757 1254.11 895 27.41912 1253.849 895 27.49356 1253.571 895 27.51863 1253.285 895 27.49356 1252.998 895 27.41912 1252.721 895 27.29757 1252.46 895 27.1326 1252.224 895 26.92923 1252.021 895 26.69363 1251.856 895 26.43296 1251.734 895 26.15515 1251.66 895 25.86863 1251.635 889 10.71514 1236.481 889 10.42862 1236.506 889 10.1508 1236.581 889 9.890136 1236.702 889 9.654537 1236.867 889 9.451163 1237.071 889 9.286194 1237.306 889 9.164644 1237.567 889 9.090204 1237.845 889 9.065136 1238.131 889 9.090204 1238.418 889 9.164644 1238.696 889 9.286194 1238.956 889 9.451163 1239.192 889 9.654537 1239.395 889 9.890136 1239.56 889 10.1508 1239.682 889 10.42862 1239.756 889 10.71514 1239.781 889 11.00166 1239.756 889 11.27947 1239.682 889 11.54014 1239.56 889 11.77574 1239.395 889 11.97911 1239.192 889 12.14408 1238.956 889 12.26563 1238.696 889 12.34007 1238.418 889 12.36514 1238.131 889 12.34007 1237.845 889 12.26563 1237.567 889 12.14408 1237.306 889 11.97911 1237.071 889 11.77574 1236.867 889 11.54014 1236.702 889 11.27947 1236.581 889 11.00166 1236.506 889 10.71514 1236.481 895 10.71514 1236.481 895 10.42862 1236.506 895 10.1508 1236.581 895 9.890136 1236.702 895 9.654537 1236.867 895 9.451163 1237.071 895 9.286194 1237.306 895 9.164644 1237.567 895 9.090204 1237.845 895 9.065136 1238.131 895 9.090204 1238.418 895 9.164644 1238.696 895 9.286194 1238.956 895 9.451163 1239.192 895 9.654537 1239.395 895 9.890136 1239.56 895 10.1508 1239.682 895 10.42862 1239.756 895 10.71514 1239.781 895 11.00166 1239.756 895 11.27947 1239.682 895 11.54014 1239.56 895 11.77574 1239.395 895 11.97911 1239.192 895 12.14408 1238.956 895 12.26563 1238.696 895 12.34007 1238.418 895 12.36514 1238.131 895 12.34007 1237.845 895 12.26563 1237.567 895 12.14408 1237.306 895 11.97911 1237.071 895 11.77574 1236.867 895 11.54014 1236.702 895 11.27947 1236.581 895 11.00166 1236.506 895 10.71514 1236.481 889 -10.71514 1236.481 889 -11.00166 1236.506 889 -11.27947 1236.581 889 -11.54014 1236.702 889 -11.77574 1236.867 889 -11.97911 1237.071 889 -12.14408 1237.306 889 -12.26563 1237.567 889 -12.34007 1237.845 889 -12.36514 1238.131 889 -12.34007 1238.418 889 -12.26563 1238.696 889 -12.14408 1238.956 889 -11.97911 1239.192 889 -11.77574 1239.395 889 -11.54014 1239.56 889 -11.27947 1239.682 889 -11.00166 1239.756 889 -10.71514 1239.781 889 -10.42862 1239.756 889 -10.1508 1239.682 889 -9.890136 1239.56 889 -9.654537 1239.395 889 -9.451163 1239.192 889 -9.286194 1238.956 889 -9.164644 1238.696 889 -9.090204 1238.418 889 -9.065136 1238.131 889 -9.090204 1237.845 889 -9.164644 1237.567 889 -9.286194 1237.306 889 -9.451163 1237.071 889 -9.654537 1236.867 889 -9.890136 1236.702 889 -10.1508 1236.581 889 -10.42862 1236.506 889 -10.71514 1236.481 895 -10.71514 1236.481 895 -11.00166 1236.506 895 -11.27947 1236.581 895 -11.54014 1236.702 895 -11.77574 1236.867 895 -11.97911 1237.071 895 -12.14408 1237.306 895 -12.26563 1237.567 895 -12.34007 1237.845 895 -12.36514 1238.131 895 -12.34007 1238.418 895 -12.26563 1238.696 895 -12.14408 1238.956 895 -11.97911 1239.192 895 -11.77574 1239.395 895 -11.54014 1239.56 895 -11.27947 1239.682 895 -11.00166 1239.756 895 -10.71514 1239.781 895 -10.42862 1239.756 895 -10.1508 1239.682 895 -9.890136 1239.56 895 -9.654537 1239.395 895 -9.451163 1239.192 895 -9.286194 1238.956 895 -9.164644 1238.696 895 -9.090204 1238.418 895 -9.065136 1238.131 895 -9.090204 1237.845 895 -9.164644 1237.567 895 -9.286194 1237.306 895 -9.451163 1237.071 895 -9.654537 1236.867 895 -9.890136 1236.702 895 -10.1508 1236.581 895 -10.42862 1236.506 895 -10.71514 1236.481 895 -25.86863 1251.635 895 -26.15515 1251.66 895 -26.43296 1251.734 895 -26.69363 1251.856 895 -26.92923 1252.021 895 -27.1326 1252.224 895 -27.29757 1252.46 895 -27.41912 1252.721 895 -27.49356 1252.998 895 -27.51863 1253.285 895 -27.49356 1253.571 895 -27.41912 1253.849 895 -27.29757 1254.11 895 -27.1326 1254.345 895 -26.92923 1254.549 895 -26.69363 1254.714 895 -26.43296 1254.835 895 -26.15515 1254.91 895 -25.86863 1254.935 895 -25.58211 1254.91 895 -25.3043 1254.835 895 -25.04363 1254.714 895 -24.80803 1254.549 895 -24.60466 1254.345 895 -24.43969 1254.11 895 -24.31814 1253.849 895 -24.2437 1253.571 895 -24.21863 1253.285 895 -24.2437 1252.998 895 -24.31814 1252.721 895 -24.43969 1252.46 895 -24.60466 1252.224 895 -24.80803 1252.021 895 -25.04363 1251.856 895 -25.3043 1251.734 895 -25.58211 1251.66 895 -25.86863 1251.635 889 -25.86863 1251.635 889 -25.86863 1251.635 889 -26.15515 1251.66 889 -26.43296 1251.734 889 -26.69363 1251.856 889 -26.92923 1252.021 889 -27.1326 1252.224 889 -27.29757 1252.46 889 -27.41912 1252.721 889 -27.49356 1252.998 889 -27.51863 1253.285 889 -27.49356 1253.571 889 -27.41912 1253.849 889 -27.29757 1254.11 889 -27.1326 1254.345 889 -26.92923 1254.549 889 -26.69363 1254.714 889 -26.43296 1254.835 889 -26.15515 1254.91 889 -25.86863 1254.935 889 -25.58211 1254.91 889 -25.3043 1254.835 889 -25.04363 1254.714 889 -24.80803 1254.549 889 -24.60466 1254.345 889 -24.43969 1254.11 889 -24.31814 1253.849 889 -24.2437 1253.571 889 -24.21863 1253.285 889 -24.2437 1252.998 889 -24.31814 1252.721 889 -24.43969 1252.46 889 -24.60466 1252.224 889 -24.80803 1252.021 889 -25.04363 1251.856 889 -25.3043 1251.734 889 -25.58211 1251.66 895 -25.86863 1273.065 895 -26.15515 1273.09 895 -26.43296 1273.165 895 -26.69363 1273.286 895 -26.92923 1273.451 895 -27.1326 1273.655 895 -27.29757 1273.89 895 -27.41912 1274.151 895 -27.49356 1274.429 895 -27.51863 1274.715 895 -27.49356 1275.002 895 -27.41912 1275.279 895 -27.29757 1275.54 895 -27.1326 1275.776 895 -26.92923 1275.979 895 -26.69363 1276.144 895 -26.43296 1276.266 895 -26.15515 1276.34 895 -25.86863 1276.365 895 -25.58211 1276.34 895 -25.3043 1276.266 895 -25.04363 1276.144 895 -24.80803 1275.979 895 -24.60466 1275.776 895 -24.43969 1275.54 895 -24.31814 1275.279 895 -24.2437 1275.002 895 -24.21863 1274.715 895 -24.2437 1274.429 895 -24.31814 1274.151 895 -24.43969 1273.89 895 -24.60466 1273.655 895 -24.80803 1273.451 895 -25.04363 1273.286 895 -25.3043 1273.165 895 -25.58211 1273.09 895 -25.86863 1273.065 889 -25.86863 1273.065 889 -25.86863 1273.065 889 -26.15515 1273.09 889 -26.43296 1273.165 889 -26.69363 1273.286 889 -26.92923 1273.451 889 -27.1326 1273.655 889 -27.29757 1273.89 889 -27.41912 1274.151 889 -27.49356 1274.429 889 -27.51863 1274.715 889 -27.49356 1275.002 889 -27.41912 1275.279 889 -27.29757 1275.54 889 -27.1326 1275.776 889 -26.92923 1275.979 889 -26.69363 1276.144 889 -26.43296 1276.266 889 -26.15515 1276.34 889 -25.86863 1276.365 889 -25.58211 1276.34 889 -25.3043 1276.266 889 -25.04363 1276.144 889 -24.80803 1275.979 889 -24.60466 1275.776 889 -24.43969 1275.54 889 -24.31814 1275.279 889 -24.2437 1275.002 889 -24.21863 1274.715 889 -24.2437 1274.429 889 -24.31814 1274.151 889 -24.43969 1273.89 889 -24.60466 1273.655 889 -24.80803 1273.451 889 -25.04363 1273.286 889 -25.3043 1273.165 889 -25.58211 1273.09 889 -10.71514 1288.219 889 -11.00166 1288.244 889 -11.27947 1288.318 889 -11.54014 1288.44 889 -11.77574 1288.605 889 -11.97911 1288.808 889 -12.14408 1289.044 889 -12.26563 1289.304 889 -12.34007 1289.582 889 -12.36514 1289.869 889 -12.34007 1290.155 889 -12.26563 1290.433 889 -12.14408 1290.694 889 -11.97911 1290.929 889 -11.77574 1291.133 889 -11.54014 1291.298 889 -11.27947 1291.419 889 -11.00166 1291.494 889 -10.71514 1291.519 889 -10.42862 1291.494 889 -10.1508 1291.419 889 -9.890136 1291.298 889 -9.654537 1291.133 889 -9.451163 1290.929 889 -9.286194 1290.694 889 -9.164644 1290.433 889 -9.090204 1290.155 889 -9.065136 1289.869 889 -9.090204 1289.582 889 -9.164644 1289.304 889 -9.286194 1289.044 889 -9.451163 1288.808 889 -9.654537 1288.605 889 -9.890136 1288.44 889 -10.1508 1288.318 889 -10.42862 1288.244 889 -10.71514 1288.219 895 -10.71514 1288.219 895 -11.00166 1288.244 895 -11.27947 1288.318 895 -11.54014 1288.44 895 -11.77574 1288.605 895 -11.97911 1288.808 895 -12.14408 1289.044 895 -12.26563 1289.304 895 -12.34007 1289.582 895 -12.36514 1289.869 895 -12.34007 1290.155 895 -12.26563 1290.433 895 -12.14408 1290.694 895 -11.97911 1290.929 895 -11.77574 1291.133 895 -11.54014 1291.298 895 -11.27947 1291.419 895 -11.00166 1291.494 895 -10.71514 1291.519 895 -10.42862 1291.494 895 -10.1508 1291.419 895 -9.890136 1291.298 895 -9.654537 1291.133 895 -9.451163 1290.929 895 -9.286194 1290.694 895 -9.164644 1290.433 895 -9.090204 1290.155 895 -9.065136 1289.869 895 -9.090204 1289.582 895 -9.164644 1289.304 895 -9.286194 1289.044 895 -9.451163 1288.808 895 -9.654537 1288.605 895 -9.890136 1288.44 895 -10.1508 1288.318 895 -10.42862 1288.244 895 -10.71514 1288.219 895 0 1294 895 0.347296 1293.97 895 0.68404 1293.879 895 1 1293.732 895 1.285575 1293.532 895 1.532089 1293.286 895 1.732051 1293 895 1.879385 1292.684 895 1.969615 1292.347 895 2 1292 895 1.969615 1291.653 895 1.879385 1291.316 895 1.732051 1291 895 1.532089 1290.714 895 1.285575 1290.468 895 1 1290.268 895 0.68404 1290.121 895 0.347296 1290.03 895 0 1290 895 -0.347296 1290.03 895 -0.68404 1290.121 895 -1 1290.268 895 -1.285575 1290.468 895 -1.532089 1290.714 895 -1.732051 1291 895 -1.879385 1291.316 895 -1.969615 1291.653 895 -2 1292 895 -1.969615 1292.347 895 -1.879385 1292.684 895 -1.732051 1293 895 -1.532089 1293.286 895 -1.285575 1293.532 895 -1 1293.732 895 -0.68404 1293.879 895 -0.347296 1293.97 895 0 1294 889 0 1294 889 0 1294 889 0.347296 1293.97 889 0.68404 1293.879 889 1 1293.732 889 1.285575 1293.532 889 1.532089 1293.286 889 1.732051 1293 889 1.879385 1292.684 889 1.969615 1292.347 889 2 1292 889 1.969615 1291.653 889 1.879385 1291.316 889 1.732051 1291 889 1.532089 1290.714 889 1.285575 1290.468 889 1 1290.268 889 0.68404 1290.121 889 0.347296 1290.03 889 0 1290 889 -0.347296 1290.03 889 -0.68404 1290.121 889 -1 1290.268 889 -1.285575 1290.468 889 -1.532089 1290.714 889 -1.732051 1291 889 -1.879385 1291.316 889 -1.969615 1291.653 889 -2 1292 889 -1.969615 1292.347 889 -1.879385 1292.684 889 -1.732051 1293 889 -1.532089 1293.286 889 -1.285575 1293.532 889 -1 1293.732 889 -0.68404 1293.879 889 -0.347296 1293.97</float_array>
          <technique_common>
            <accessor source="#GP12_T-mesh-positions-array" count="1680" stride="3">
              <param name="X" type="float"/>
              <param name="Y" type="float"/>
              <param name="Z" type="float"/>
            </accessor>
          </technique_common>
        </source>
        <source id="GP12_T-mesh-normals">
          <float_array id="GP12_T-mesh-normals-array" count="6366">0.707104 0.1228004 0.6963649 0.7071029 -8.98208e-6 0.7071107 0.7071093 0.1228007 0.6963595 0.7071058 0.1228026 0.6963627 0.7071103 -1.54339e-5 0.7071033 0.7071083 -2.19104e-5 0.7071053 0.7071058 0.2418431 0.6644647 0.7071048 0.1227845 0.696367 0.7071105 0.2418364 0.6644622 0.7071035 0.2418344 0.6644703 0.7071098 0.1227844 0.6963618 0.7071077 0.1227762 0.6963654 0.7071049 0.3535375 0.6123839 0.7071074 0.2418268 0.6644689 0.707109 0.3535314 0.6123825 0.7071074 0.35355 0.6123738 0.707107 0.2418676 0.6644545 0.7071114 0.2418642 0.6644511 0.7071071 0.4545167 0.5416772 0.7071076 0.3535509 0.612373 0.7071108 0.4545086 0.5416792 0.7071093 0.4545111 0.541679 0.7071057 0.3535639 0.6123676 0.7071101 0.3535557 0.6123673 0.7071081 0.5416759 0.4545167 0.7071088 0.4545067 0.5416833 0.7071058 0.541678 0.4545178 0.707112 0.541683 0.4545024 0.7071058 0.4545184 0.5416774 0.7071102 0.4545148 0.5416746 0.7071055 0.6123675 0.3535646 0.7071062 0.5416697 0.454527 0.7071087 0.6123613 0.3535689 0.7071064 0.6123678 0.3535622 0.7071081 0.5416852 0.4545057 0.7071061 0.5416853 0.4545086 0.7071083 0.6644672 0.2418287 0.707107 0.6123761 0.3535468 0.7071116 0.6123735 0.3535421 0.7071059 0.6644654 0.2418409 0.7071051 0.6123704 0.3535605 0.7071077 0.6644632 0.2418417 0.707108 0.696364 0.1227823 0.707108 0.6644634 0.2418406 0.7071062 0.664467 0.2418357 0.7071046 0.6963646 0.1227985 0.7071065 0.6644687 0.2418301 0.7071101 0.6963597 0.1227946 0.7071056 0.707108 -1.42511e-5 0.707107 0.6963666 0.1227737 0.7071053 0.6963693 0.1227681 0.7071092 0.7071044 3.22308e-6 0.7071096 0.6963644 0.122772 0.7071046 0.7071089 -2.53692e-6 0.7071104 0.6963587 -0.122799 0.7071059 0.7071078 5.26383e-6 0.7071103 0.7071033 6.21277e-6 0.7071061 0.6963654 -0.1227855 0.707104 0.7071095 1.03098e-5 0.7071067 0.6963654 -0.1227827 0.7071115 0.66446 -0.2418392 0.7071107 0.6963619 -0.1227791 0.7071089 0.696363 -0.1227831 0.7071088 0.6644681 -0.2418254 0.7071087 0.6963604 -0.1227989 0.7071061 0.6644704 -0.2418268 0.7071108 0.6123639 -0.3535603 0.7071046 0.6644635 -0.2418498 0.7071093 0.6644579 -0.2418519 0.7071062 0.612369 -0.3535607 0.7071051 0.6644659 -0.241842 0.707108 0.6123681 -0.3535585 0.7071087 0.5416622 -0.454532 0.7071105 0.6123646 -0.3535597 0.7071092 0.541664 -0.4545293 0.7071072 0.5416665 -0.4545292 0.7071076 0.6123766 -0.3535448 0.7071056 0.6123797 -0.3535432 0.7071054 0.4545032 -0.5416907 0.7071046 0.5416865 -0.4545094 0.7071104 0.4545307 -0.5416613 0.7071043 0.4545186 -0.5416793 0.7071077 0.5416733 -0.4545204 0.707106 0.5416706 -0.4545263 0.7071048 0.3535491 -0.6123772 0.707104 0.4545162 -0.5416817 0.7071087 0.3535516 -0.6123713 0.7071079 0.3535716 -0.6123608 0.7071107 0.4545191 -0.5416705 0.7071087 0.4545236 -0.5416693 0.7071039 0.2418503 -0.6644641 0.7071035 0.3535363 -0.6123862 0.7071095 0.2418459 -0.6644598 0.7071115 0.2418445 -0.664458 0.7071102 0.3535487 -0.6123712 0.7071085 0.3535441 -0.6123759 0.7071049 0.1227735 -0.6963687 0.7071035 0.2418521 -0.6644639 0.7071102 0.1227713 -0.6963637 0.7071116 0.1227839 -0.6963601 0.7071085 0.2418262 -0.664468 0.7071064 0.2418338 -0.6644674 0.7071043 -7.6422e-6 -0.7071093 0.7071028 0.1228014 -0.696366 0.7071096 -1.00397e-5 -0.707104 0.7071113 -7.08808e-6 -0.7071023 0.7071101 0.1227921 -0.6963601 0.7071083 0.1227898 -0.6963623 0.707104 -0.1228004 -0.6963649 0.7071029 8.98208e-6 -0.7071107 0.7071093 -0.1228007 -0.6963595 0.7071092 -0.1227916 -0.6963612 0.7071098 7.97957e-6 -0.7071039 0.7071079 6.88931e-6 -0.7071056 0.7071083 -0.2418657 -0.6644538 0.7071076 -0.1227881 -0.6963633 0.7071049 -0.1227868 -0.6963664 0.7071067 -0.2418556 -0.6644592 0.7071082 -0.1227707 -0.6963658 0.7071046 -0.2418619 -0.6644591 0.7071057 -0.3535717 -0.6123631 0.7071088 -0.2418381 -0.6644634 0.7071093 -0.3535592 -0.6123662 0.7071061 -0.3535541 -0.6123729 0.7071104 -0.2418639 -0.6644523 0.7071084 -0.24186 -0.6644558 0.7071071 -0.4545167 -0.5416772 0.7071076 -0.3535509 -0.612373 0.7071108 -0.4545086 -0.5416792 0.7071093 -0.4545111 -0.541679 0.7071057 -0.3535639 -0.6123676 0.7071101 -0.3535557 -0.6123673 0.7071081 -0.5416759 -0.4545167 0.7071088 -0.4545067 -0.5416833 0.7071058 -0.541678 -0.4545178 0.7071042 -0.5416881 -0.4545084 0.7071089 -0.4545173 -0.5416745 0.707107 -0.4545184 -0.5416759 0.707107 -0.6123819 -0.3535367 0.7071066 -0.5416822 -0.4545114 0.7071049 -0.5416857 -0.4545099 0.7071058 -0.612379 -0.3535441 0.7071051 -0.5416666 -0.4545326 0.7071037 -0.6123832 -0.353541 0.7071059 -0.6644654 -0.2418409 0.7071051 -0.6123704 -0.3535605 0.7071077 -0.6644632 -0.2418417 0.7071083 -0.6644672 -0.2418287 0.707107 -0.6123761 -0.3535468 0.7071116 -0.6123735 -0.3535421 0.7071048 -0.6963641 -0.1228002 0.7071068 -0.6644694 -0.2418272 0.7071086 -0.6963605 -0.1227985 0.7071076 -0.6963647 -0.122781 0.7071048 -0.664466 -0.2418426 0.7071094 -0.6644634 -0.2418364 0.7071092 -0.7071044 -3.22308e-6 0.7071096 -0.6963644 -0.122772 0.7071046 -0.7071089 2.53692e-6 0.7071056 -0.707108 1.42511e-5 0.707107 -0.6963666 -0.1227737 0.7071053 -0.6963693 -0.1227681 0.7071061 -0.6963654 0.1227855 0.707104 -0.7071095 -1.03098e-5 0.7071067 -0.6963654 0.1227827 0.7071104 -0.6963587 0.122799 0.7071059 -0.7071078 -5.26383e-6 0.7071103 -0.7071033 -6.21277e-6 0.7071089 -0.6644685 0.2418236 0.707109 -0.6963595 0.1228017 0.7071046 -0.664473 0.2418238 0.7071115 -0.66446 0.2418392 0.7071107 -0.6963619 0.1227791 0.7071089 -0.696363 0.1227831 0.7071057 -0.6123676 0.353564 0.7071044 -0.6644686 0.2418367 0.7071048 -0.6123672 0.3535666 0.7071112 -0.6123642 0.353559 0.7071077 -0.6644603 0.2418498 0.707106 -0.6644603 0.2418549 0.7071087 -0.5416622 0.454532 0.7071105 -0.6123646 0.3535597 0.7071092 -0.541664 0.4545293 0.7071072 -0.5416665 0.4545292 0.7071076 -0.6123766 0.3535448 0.7071056 -0.6123797 0.3535432 0.7071094 -0.4545134 0.5416771 0.707104 -0.5416884 0.4545081 0.7071079 -0.5416872 0.4545037 0.7071077 -0.4545013 0.5416893 0.7071079 -0.5416667 0.4545279 0.7071059 -0.4545047 0.5416889 0.7071048 -0.3535491 0.6123772 0.707104 -0.4545162 0.5416817 0.7071087 -0.3535516 0.6123713 0.7071083 -0.3535726 0.6123598 0.7071075 -0.4545205 0.5416736 0.7071055 -0.4545242 0.541673 0.7071039 -0.2418503 0.6644641 0.7071035 -0.3535363 0.6123862 0.7071095 -0.2418459 0.6644598 0.7071115 -0.2418445 0.664458 0.7071102 -0.3535487 0.6123712 0.7071085 -0.3535441 0.6123759 0.7071058 -0.1227806 0.6963666 0.7071048 -0.2418404 0.6644667 0.7071105 -0.1227861 0.6963608 0.7071056 -0.1227914 0.6963648 0.7071049 -0.2418231 0.6644729 0.7071093 -0.2418242 0.6644679 0.7071043 7.6422e-6 0.7071093 0.7071028 -0.1228014 0.696366 0.7071096 1.00397e-5 0.707104 0.7071052 1.3418e-5 0.7071084 0.7071096 -0.1227966 0.6963599 0.7071077 -0.1227988 0.6963614 1 0 0 1 -8.78338e-5 0 1 -8.77826e-5 0 1 -8.74458e-5 0 1 -1.01821e-4 0 1 -1.01692e-4 0 1 -1.01636e-4 0 1 -1.68812e-4 0 1 5.476e-5 0 1 1.63686e-4 0 1 -3.30756e-4 0 1 1.67628e-5 0 1 2.04499e-5 0 1 2.29089e-5 0 1 2.28209e-5 0 1 2.28897e-5 0 1 3.62078e-5 0 1 3.61533e-5 0 1 3.62084e-5 0 1 -1.81268e-5 0 1 -1.83142e-5 0 1 -1.81068e-5 0 1 -8.73291e-5 0 1 -8.74916e-5 0 1 -8.72965e-5 0 1 2.21415e-5 0 1 -1.25962e-4 0 1 -1.26114e-4 0 1 -1.26004e-4 0 1 1.02249e-5 0 1 2.25632e-4 0 1 -3.10174e-5 0 1 2.00152e-5 0 1 2.27541e-4 0 1 2.59592e-5 0 1 -1.76274e-4 0 1 -2.0016e-5 0 1 1.84664e-4 0 1 -7.41559e-5 0 1 -7.41558e-5 0 1 -7.40338e-5 0 1 -2.25543e-4 0 1 3.10174e-5 0 1 -2.27541e-4 0 1 1.9997e-4 0 1 1.09523e-4 0 1 1.4863e-4 0 1 1.48754e-4 0 1 1.48704e-4 0 1 -4.00312e-5 0 1 2.02999e-6 0 1 1.99834e-6 0 1 2.09513e-6 0 1 -5.62208e-5 0 1 4.50272e-5 0 1 4.4982e-5 0 1 4.50468e-5 0 1 -2.05344e-5 0 1 -2.05528e-5 0 1 -2.0488e-5 0 1 -3.97921e-5 0 1 -3.98407e-5 0 1 -3.94722e-5 0 1 -3.52309e-5 0 1 -3.52865e-5 0 1 -3.52198e-5 0 1 8.73291e-5 0 1 8.72964e-5 0 1 8.74915e-5 0 1 1.81269e-5 0 1 1.81068e-5 0 1 1.83143e-5 0 1 -3.62078e-5 0 1 -3.62083e-5 0 1 -3.61533e-5 0 1 -2.29089e-5 0 1 -2.28896e-5 0 1 -2.28209e-5 0 1 -2.21415e-5 0 1 1.25962e-4 0 1 1.26004e-4 0 1 1.26114e-4 0 1 3.35267e-5 0 1 -3.35251e-5 0 1 8.38082e-6 0 1 -1.14316e-4 0 1 -1.14102e-4 0 1 -1.14079e-4 0 1 -8.73683e-5 0 1 -8.75634e-5 0 1 -8.74011e-5 0 1 -5.05053e-5 0 1 -5.02035e-5 0 1 -5.02693e-5 0 1 -2.54291e-5 0 1 -2.53908e-5 0 1 -2.52006e-5 0 1 8.74459e-5 0 1 8.77826e-5 0 1 8.78337e-5 0 1 1.76274e-4 0 1 -2.59592e-5 0 1 7.41559e-5 0 1 7.40338e-5 0 1 7.41558e-5 0 1 -1.84664e-4 0 1 -1.68805e-4 0 1 2.00168e-5 0 1 3.30756e-4 0 1 -5.476e-5 0 1 -1.63686e-4 0 1 -1.02254e-5 0 1 6.0227e-5 0 1 6.00943e-5 0 1 6.05795e-5 0 1 1.02254e-5 0 1 -4.00328e-5 0 1 2.0016e-5 0 1 8.33577e-6 0 1 8.30014e-6 0 1 8.39447e-6 0 1 1.14079e-4 0 1 1.14102e-4 0 1 1.14316e-4 0 1 -1.48703e-4 0 1 -1.48754e-4 0 1 -1.4863e-4 0 1 8.73684e-5 0 1 8.7401e-5 0 1 8.75635e-5 0 1 -5.47615e-5 0 1 3.5231e-5 0 1 3.52198e-5 0 1 3.52865e-5 0 1 5.62208e-5 0 1 3.97921e-5 0 1 3.94721e-5 0 1 3.98407e-5 0 1 2.05344e-5 0 1 2.0488e-5 0 1 2.05528e-5 0 1 -4.50273e-5 0 1 -4.50468e-5 0 1 -4.49821e-5 0 1 8.38139e-6 0 1 -2.04512e-5 0 1 -1.67622e-5 0 -7.85646e-7 1.63689e-5 -1 4.16264e-6 1.63689e-5 -1 -4.17232e-7 0.1736276 -0.9848114 -7.85645e-7 0.1736667 -0.9848045 4.16264e-6 0.1736668 -0.9848045 -4.17232e-7 0.3420029 -0.9396989 -4.16264e-6 0.1736276 -0.9848114 4.17232e-7 1.63689e-5 -1 7.85646e-7 0.1736276 -0.9848114 -7.96033e-7 0.3420389 -0.9396858 4.16264e-6 0.3420389 -0.9396858 -4.06057e-7 0.499985 -0.8660342 -4.16492e-6 0.3420403 -0.9396854 4.17233e-7 0.1736586 -0.984806 7.86075e-7 0.3420403 -0.9396854 -7.33709e-7 0.5000076 -0.8660211 4.16265e-6 0.5000075 -0.8660211 -5.47618e-7 0.6428024 -0.7660321 -4.16264e-6 0.499985 -0.866034 4.06057e-7 0.3420389 -0.9396858 7.96033e-7 0.499985 -0.866034 -9.31582e-7 0.6427713 -0.7660582 4.16493e-6 0.6427713 -0.7660583 -1.49012e-7 0.7660375 -0.6427959 -4.16266e-6 0.6427758 -0.7660544 5.47618e-7 0.5000191 -0.8660143 7.3371e-7 0.6427758 -0.7660544 -7.44095e-7 0.7660556 -0.6427744 4.16264e-6 0.7660556 -0.6427744 -4.99189e-7 0.8660155 -0.5000173 -4.16265e-6 0.7660453 -0.6427867 1.49012e-7 0.6427805 -0.7660505 9.31073e-7 0.7660453 -0.6427868 -4.16264e-6 0.8660155 -0.5000173 4.99189e-7 0.7660557 -0.6427744 7.44096e-7 0.8660154 -0.5000174 -7.12932e-7 0.8660345 -0.4999843 4.16264e-6 0.8660345 -0.4999843 -5.7742e-7 0.9396861 -0.3420381 -4.16491e-6 0.939698 -0.3420056 5.7742e-7 0.8660278 -0.4999961 7.13322e-7 0.9396979 -0.3420055 -9.51846e-7 0.9397007 -0.3419981 4.16264e-6 0.9397007 -0.3419981 0 0.9848054 -0.1736617 -4.16263e-6 0.9848039 -0.1736703 0 0.9396976 -0.3420064 9.51845e-7 0.9848039 -0.1736702 -7.02545e-7 0.9848113 -0.1736283 2.92382e-5 0.9848114 -0.1736283 -5.73695e-7 1 -1.7114e-5 -7.02545e-7 1 1.71661e-5 4.16264e-6 1 1.71438e-5 -5.81145e-7 0.9848114 0.1736283 -4.16264e-6 1 -2.01017e-5 5.73695e-7 0.9848107 -0.1736313 7.02545e-7 1 -2.00868e-5 -9.51847e-7 0.9848054 0.1736617 4.16264e-6 0.9848054 0.1736617 0 0.9397007 0.3419981 -4.16264e-6 0.9848108 0.1736313 5.7742e-7 1 2.0124e-5 7.02545e-7 0.9848108 0.1736313 -7.12933e-7 0.9396864 0.3420373 4.16265e-6 0.9396865 0.3420373 -5.73695e-7 0.866035 0.4999835 -4.16265e-6 0.9396977 0.3420063 0 0.9848039 0.1736705 9.51848e-7 0.9396978 0.3420062 -4.16266e-6 0.8660274 0.4999968 5.7742e-7 0.9396975 0.3420068 7.12935e-7 0.8660274 0.4999967 3.14415e-6 0.7660556 0.6427744 -4.31361e-6 0.8660155 0.5000173 4.18238e-6 0.7660556 0.6427744 -9.31071e-7 0.7660376 0.6427958 4.16264e-6 0.7660376 0.6427959 -1.45286e-7 0.6427712 0.7660583 4.3136e-6 0.7660556 0.6427744 -4.18238e-6 0.8660154 0.5000173 -3.14415e-6 0.8660154 0.5000173 -7.3411e-7 0.642802 0.7660324 4.16492e-6 0.642802 0.7660324 -5.47618e-7 0.500007 0.8660215 -4.16491e-6 0.6427804 0.7660505 1.52737e-7 0.7660454 0.6427866 9.3158e-7 0.6427804 0.7660506 -7.96033e-7 0.499985 0.866034 4.16264e-6 0.499985 0.866034 -4.06057e-7 0.3420389 0.9396858 -4.16263e-6 0.5000195 0.8660142 5.47618e-7 0.6427764 0.7660538 7.33706e-7 0.5000194 0.8660143 -4.16264e-6 0.3420389 0.9396858 4.06057e-7 0.499985 0.8660342 7.96033e-7 0.3420389 0.9396858 3.10317e-6 0.1736668 0.9848045 -4.25129e-6 0.3420029 0.9396989 4.18237e-6 0.1736668 0.9848045 -7.85646e-7 0.1736276 0.9848114 4.16264e-6 0.1736276 0.9848114 -4.17232e-7 1.63689e-5 1 4.2513e-6 0.1736586 0.984806 -4.18466e-6 0.3420403 0.9396854 -3.10317e-6 0.3420403 0.9396854 -7.85646e-7 -1.63689e-5 1 4.16264e-6 -1.63689e-5 1 -4.17232e-7 -0.1736276 0.9848114 -4.16264e-6 1.63689e-5 1 4.17232e-7 0.1736276 0.9848114 7.85646e-7 1.63689e-5 1 -4.16264e-6 -0.1736276 0.9848114 4.17232e-7 -1.63689e-5 1 7.85646e-7 -0.1736276 0.9848114 3.10317e-6 -0.3420029 0.9396989 -4.25128e-6 -0.1736668 0.9848045 4.18238e-6 -0.3420029 0.9396989 -7.96033e-7 -0.3420389 0.9396858 4.16264e-6 -0.3420389 0.9396858 -4.06057e-7 -0.499985 0.8660342 4.2536e-6 -0.3420402 0.9396854 -4.18239e-6 -0.1736587 0.9848059 -3.09944e-6 -0.1736588 0.9848059 -4.16264e-6 -0.499985 0.866034 4.06057e-7 -0.3420389 0.9396858 7.96033e-7 -0.499985 0.866034 3.17395e-6 -0.6428021 0.7660324 -4.35517e-6 -0.500007 0.8660215 4.18467e-6 -0.642802 0.7660325 -9.31582e-7 -0.6427713 0.7660582 4.16493e-6 -0.6427713 0.7660583 -1.49012e-7 -0.7660375 0.6427959 4.35518e-6 -0.6427764 0.7660538 -4.18236e-6 -0.5000195 0.8660142 -3.17022e-6 -0.5000194 0.8660143 -7.44095e-7 -0.7660556 0.6427744 4.16264e-6 -0.7660556 0.6427744 -4.99189e-7 -0.8660155 0.5000173 -4.16265e-6 -0.7660453 0.6427867 1.49012e-7 -0.6427805 0.7660505 9.31073e-7 -0.7660453 0.6427868 -4.16264e-6 -0.8660155 0.5000173 4.99189e-7 -0.7660557 0.6427744 7.44096e-7 -0.8660154 0.5000174 3.17395e-6 -0.9396864 0.3420373 -4.3967e-6 -0.8660351 0.4999835 4.18238e-6 -0.9396865 0.3420373 -9.51846e-7 -0.9397007 0.3419981 4.16264e-6 -0.9397007 0.3419981 0 -0.9848054 0.1736617 4.39909e-6 -0.9396975 0.3420068 -4.18239e-6 -0.8660274 0.4999968 -3.17767e-6 -0.8660274 0.4999967 -7.02545e-7 -0.9848113 0.1736283 2.92382e-5 -0.9848114 0.1736283 -5.73695e-7 -1 1.7114e-5 -4.16263e-6 -0.9848039 0.1736703 0 -0.9396976 0.3420064 9.51845e-7 -0.9848039 0.1736702 -7.02545e-7 -1 -1.71661e-5 4.16264e-6 -1 -1.71438e-5 -5.81145e-7 -0.9848114 -0.1736283 -4.16264e-6 -1 2.01017e-5 5.73695e-7 -0.9848107 0.1736313 7.02545e-7 -1 2.00868e-5 -4.16264e-6 -0.9848108 -0.1736313 5.7742e-7 -1 -2.0124e-5 7.02545e-7 -0.9848108 -0.1736313 2.9318e-6 -0.9397007 -0.3419981 -3.89811e-6 -0.9848054 -0.1736617 4.18238e-6 -0.9397007 -0.3419981 3.9189e-6 -0.9396976 -0.3420064 -4.18237e-6 -0.9848039 -0.1736703 -2.93553e-6 -0.9848039 -0.1736702 3.17767e-6 -0.8660345 -0.4999843 -4.39671e-6 -0.9396861 -0.3420381 4.18237e-6 -0.8660345 -0.4999843 4.39673e-6 -0.8660278 -0.4999961 -4.18466e-6 -0.939698 -0.3420056 -3.17767e-6 -0.9396979 -0.3420056 3.14415e-6 -0.7660556 -0.6427744 -4.31361e-6 -0.8660155 -0.5000173 4.18238e-6 -0.7660556 -0.6427744 -9.31071e-7 -0.7660376 -0.6427958 4.16264e-6 -0.7660376 -0.6427959 -1.45286e-7 -0.6427712 -0.7660583 4.3136e-6 -0.7660556 -0.6427744 -4.18238e-6 -0.8660154 -0.5000173 -3.14415e-6 -0.8660154 -0.5000173 -4.16491e-6 -0.6427804 -0.7660505 1.52737e-7 -0.7660454 -0.6427866 9.3158e-7 -0.6427804 -0.7660506 4.35513e-6 -0.5000191 -0.8660143 -4.18239e-6 -0.6427758 -0.7660544 -3.17022e-6 -0.6427758 -0.7660544 3.17022e-6 -0.5000076 -0.8660211 -4.35754e-6 -0.6428024 -0.7660321 4.18238e-6 -0.5000075 -0.8660211 4.23051e-6 -0.3420389 -0.9396858 -4.18238e-6 -0.499985 -0.866034 -3.09199e-6 -0.499985 -0.8660341 3.09199e-6 -0.3420389 -0.9396859 -4.23051e-6 -0.499985 -0.866034 4.18238e-6 -0.3420389 -0.9396858 -7.85646e-7 -0.3420029 -0.9396989 4.16264e-6 -0.3420029 -0.9396989 -4.17232e-7 -0.1736668 -0.9848045 -4.16265e-6 -0.1736587 -0.9848059 4.17232e-7 -0.3420402 -0.9396854 7.85647e-7 -0.1736588 -0.9848059 4.25128e-6 -1.63689e-5 -1 -4.18238e-6 -0.1736276 -0.9848114 -3.10317e-6 -0.1736276 -0.9848114 3.10317e-6 -1.63689e-5 -1 -4.25128e-6 -0.1736276 -0.9848114 4.18238e-6 -1.63689e-5 -1 2.90907e-6 -0.1736668 0.9848045 0 -0.1736668 0.9848045 -1.37091e-6 -8.25152e-6 1 1.37463e-6 -0.1736668 0.9848045 -2.90748e-6 -8.25524e-6 1 0 -8.25524e-6 1 3.03213e-6 -0.3420133 0.9396951 0 -0.3420133 0.9396951 -1.36718e-6 -0.1736305 0.9848109 1.36346e-6 -0.3420134 0.9396952 -3.03379e-6 -0.1736305 0.984811 0 -0.1736305 0.984811 4.35859e-7 -0.500014 0.8660175 0 -0.6427714 0.7660581 0 -0.500014 0.8660174 2.90748e-6 -0.4999828 0.8660354 0 -0.4999828 0.8660354 -1.36346e-6 -0.3420365 0.9396867 1.32993e-6 -0.499983 0.8660352 -2.90748e-6 -0.3420367 0.9396867 0 -0.3420367 0.9396867 0 -0.6427717 0.766058 -4.35859e-7 -0.6427716 0.766058 0 -0.5000142 0.8660172 2.95065e-6 -0.7660592 0.6427702 0 -0.7660592 0.6427701 -1.37091e-6 -0.6427971 0.7660366 1.37463e-6 -0.7660593 0.64277 -2.94902e-6 -0.6427969 0.7660366 0 -0.6427969 0.7660367 1.35601e-6 -0.8660143 0.5000193 -2.99058e-6 -0.766054 0.6427763 0 -0.766054 0.6427762 2.49594e-7 -0.8660327 0.4999875 0 -0.9396849 0.3420416 0 -0.8660327 0.4999875 2.99058e-6 -0.8660145 0.500019 0 -0.8660145 0.500019 -1.35601e-6 -0.7660544 0.6427758 0 -0.9396855 0.3420397 -2.57045e-7 -0.9396855 0.3420397 0 -0.8660337 0.4999857 1.36346e-6 -0.9848047 0.1736659 -3.32298e-6 -0.9396992 0.3420021 0 -0.9396993 0.3420021 3.46452e-7 -0.9848108 0.173631 0 -1 1.98558e-5 0 -0.9848108 0.173631 3.32298e-6 -0.9848047 0.173666 0 -0.9848047 0.173666 -1.36718e-6 -0.9396992 0.342002 0 -1 1.98707e-5 -3.42727e-7 -1 1.98744e-5 0 -0.9848108 0.173631 1.34856e-6 -0.9848108 -0.173631 -2.78283e-6 -1 -1.98781e-5 0 -1 -1.98707e-5 2.78283e-6 -0.9848108 -0.173631 0 -0.9848108 -0.173631 -1.34483e-6 -1 -1.98595e-5 1.36718e-6 -0.9396992 -0.342002 -3.32298e-6 -0.9848047 -0.173666 0 -0.9848047 -0.173666 3.32298e-6 -0.9396992 -0.3420021 0 -0.9396993 -0.3420021 -1.36346e-6 -0.9848047 -0.1736659 2.69973e-6 -0.8660327 -0.4999875 0 -0.8660327 -0.4999875 -1.35973e-6 -0.9396849 -0.3420416 1.35601e-6 -0.8660337 -0.4999857 -2.69973e-6 -0.9396855 -0.3420397 0 -0.9396855 -0.3420397 4.95464e-7 -0.7660592 -0.6427702 0 -0.6427971 -0.7660366 0 -0.7660592 -0.6427701 2.99058e-6 -0.766054 -0.6427763 0 -0.766054 -0.6427762 -1.35601e-6 -0.8660143 -0.5000193 1.35601e-6 -0.7660544 -0.6427758 -2.99058e-6 -0.8660145 -0.500019 0 -0.8660145 -0.500019 0 -0.6427969 -0.7660367 -4.95464e-7 -0.6427969 -0.7660368 0 -0.7660593 -0.64277 2.90748e-6 -0.500014 -0.8660174 0 -0.500014 -0.8660174 -1.37836e-6 -0.6427714 -0.7660582 1.37836e-6 -0.5000142 -0.8660172 -2.90748e-6 -0.6427717 -0.766058 0 -0.6427717 -0.766058 2.90748e-6 -0.3420367 -0.9396867 0 -0.3420367 -0.9396867 -1.32993e-6 -0.499983 -0.8660352 1.36346e-6 -0.3420365 -0.9396867 -2.90748e-6 -0.4999828 -0.8660354 0 -0.4999828 -0.8660354 3.03379e-6 -0.1736305 -0.984811 0 -0.1736305 -0.984811 -1.36346e-6 -0.3420134 -0.9396952 1.36718e-6 -0.1736305 -0.9848109 -3.03213e-6 -0.3420133 -0.9396951 0 -0.3420133 -0.9396951 2.90748e-6 -8.25524e-6 -1 0 -8.25524e-6 -1 -1.37463e-6 -0.1736668 -0.9848045 1.37091e-6 -8.25152e-6 -1 -2.90907e-6 -0.1736668 -0.9848045 0 -0.1736668 -0.9848045 2.90907e-6 0.1736668 -0.9848045 0 0.1736668 -0.9848045 -1.37091e-6 8.25152e-6 -1 1.37463e-6 0.1736668 -0.9848045 -2.90748e-6 8.25524e-6 -1 0 8.25524e-6 -1 3.03213e-6 0.3420133 -0.9396951 0 0.3420133 -0.9396951 -1.36718e-6 0.1736305 -0.9848109 1.36346e-6 0.3420134 -0.9396952 -3.03379e-6 0.1736305 -0.984811 0 0.1736305 -0.984811 2.90748e-6 0.4999828 -0.8660354 0 0.4999828 -0.8660354 -1.36346e-6 0.3420365 -0.9396867 1.32993e-6 0.499983 -0.8660352 -2.90748e-6 0.3420367 -0.9396867 0 0.3420367 -0.9396867 2.90748e-6 0.6427717 -0.766058 0 0.6427717 -0.766058 -1.37836e-6 0.5000142 -0.8660172 1.37836e-6 0.6427714 -0.7660582 -2.90748e-6 0.500014 -0.8660174 0 0.500014 -0.8660174 5.62519e-7 0.766054 -0.6427762 0 0.8660143 -0.5000193 0 0.766054 -0.6427762 2.95065e-6 0.7660592 -0.6427702 0 0.7660592 -0.6427701 -1.37091e-6 0.6427971 -0.7660366 1.37463e-6 0.7660593 -0.64277 -2.94902e-6 0.6427969 -0.7660366 0 0.6427969 -0.7660367 2.49594e-7 0.8660327 -0.4999875 0 0.9396849 -0.3420416 0 0.8660327 -0.4999875 0 0.8660145 -0.500019 -5.58794e-7 0.8660145 -0.500019 0 0.7660545 -0.6427758 0 0.9396855 -0.3420397 -2.57045e-7 0.9396855 -0.3420397 0 0.8660337 -0.4999857 3.32298e-6 0.9848047 -0.173666 0 0.9848047 -0.173666 -1.36718e-6 0.9396992 -0.342002 1.36346e-6 0.9848047 -0.1736659 -3.32298e-6 0.9396992 -0.3420021 0 0.9396993 -0.3420021 2.78283e-6 1 -1.98781e-5 0 1 -1.98707e-5 -1.34856e-6 0.9848108 -0.173631 1.34483e-6 1 -1.98595e-5 -2.78283e-6 0.9848108 -0.173631 0 0.9848108 -0.173631 2.78283e-6 0.9848108 0.173631 0 0.9848108 0.173631 -1.34483e-6 1 1.98595e-5 1.34856e-6 0.9848108 0.173631 -2.78283e-6 1 1.98781e-5 0 1 1.98707e-5 3.32298e-6 0.9396992 0.3420021 0 0.9396993 0.3420021 -1.36346e-6 0.9848047 0.1736659 1.36718e-6 0.9396992 0.342002 -3.32298e-6 0.9848047 0.173666 0 0.9848047 0.173666 2.69973e-6 0.8660327 0.4999875 0 0.8660327 0.4999875 -1.35973e-6 0.9396849 0.3420416 1.35601e-6 0.8660337 0.4999857 -2.69973e-6 0.9396855 0.3420397 0 0.9396855 0.3420397 1.35601e-6 0.7660544 0.6427758 -2.99058e-6 0.8660145 0.500019 0 0.8660145 0.500019 2.99058e-6 0.766054 0.6427763 0 0.766054 0.6427762 -1.35601e-6 0.8660143 0.5000193 2.94902e-6 0.6427969 0.7660366 0 0.6427969 0.7660367 -1.37463e-6 0.7660593 0.64277 1.37091e-6 0.6427971 0.7660366 -2.95065e-6 0.7660592 0.6427702 0 0.7660592 0.6427701 2.90748e-6 0.500014 0.8660174 0 0.500014 0.8660174 -1.37836e-6 0.6427714 0.7660582 1.37836e-6 0.5000142 0.8660172 -2.90748e-6 0.6427717 0.766058 0 0.6427717 0.766058 2.90748e-6 0.3420367 0.9396867 0 0.3420367 0.9396867 -1.32993e-6 0.499983 0.8660352 1.36346e-6 0.3420365 0.9396867 -2.90748e-6 0.4999828 0.8660354 0 0.4999828 0.8660354 4.61936e-7 0.1736668 0.9848046 0 8.25524e-6 1 0 0.1736668 0.9848045 3.03379e-6 0.1736305 0.984811 0 0.1736305 0.984811 -1.36346e-6 0.3420134 0.9396952 1.36718e-6 0.1736305 0.9848109 -3.03213e-6 0.3420133 0.9396951 0 0.3420133 0.9396951 0 8.25524e-6 1 -4.58211e-7 8.25152e-6 1 0 0.1736668 0.9848045 -1 -6.86937e-5 0 -1 -6.88442e-5 0 -1 -6.89435e-5 0 -1 0 0 -1 -4.98212e-5 0 -1 -4.96538e-5 0 -1 -4.96756e-5 0 -1 -2.0771e-5 0 -1 1.574e-4 0 -1 1.51176e-5 0 -1 1.87455e-5 0 -1 2.29089e-5 0 -1 2.28896e-5 0 -1 2.28209e-5 0 -1 3.62078e-5 0 -1 3.62083e-5 0 -1 3.61533e-5 0 -1 -1.81269e-5 0 -1 -1.81068e-5 0 -1 -1.83143e-5 0 -1 -8.73291e-5 0 -1 -8.72964e-5 0 -1 -8.74915e-5 0 -1 -1.25962e-4 0 -1 -1.26004e-4 0 -1 -1.26114e-4 0 -1 3.44861e-5 0 -1 3.46499e-5 0 -1 3.44954e-5 0 -1 -3.66932e-5 0 -1 -1.76274e-4 0 -1 1.84664e-4 0 -1 -7.41559e-5 0 -1 -7.40338e-5 0 -1 -7.41558e-5 0 -1 2.59592e-5 0 -1 -1.8348e-5 0 -1 2.27541e-4 0 -1 2.84349e-5 0 -1 2.22333e-4 0 -1 2.81204e-5 0 -1 3.02376e-5 0 -1 -2.84349e-5 0 -1 -2.27541e-4 0 -1 1.9997e-4 0 -1 -1.64793e-4 0 -1 -1.64713e-4 0 -1 -1.64655e-4 0 -1 -2.75189e-5 0 -1 3.66956e-5 0 -1 7.10503e-5 0 -1 7.10579e-5 0 -1 7.09993e-5 0 -1 3.63697e-5 0 -1 3.63958e-5 0 -1 3.63413e-5 0 -1 2.70805e-5 0 -1 2.72121e-5 0 -1 2.69935e-5 0 -1 -6.87238e-5 0 -1 -5.61215e-5 0 -1 -5.61206e-5 0 -1 -5.61822e-5 0 -1 8.73291e-5 0 -1 8.74916e-5 0 -1 8.72965e-5 0 -1 1.81268e-5 0 -1 1.83142e-5 0 -1 1.81068e-5 0 -1 -3.62078e-5 0 -1 -3.61533e-5 0 -1 -3.62084e-5 0 -1 -2.29089e-5 0 -1 -2.28209e-5 0 -1 -2.28897e-5 0 -1 1.25962e-4 0 -1 1.26114e-4 0 -1 1.26004e-4 0 -1 3.74918e-5 0 -1 -1.51176e-5 0 -1 -1.87455e-5 0 -1 1.51172e-5 0 -1 -1.14079e-4 0 -1 -1.14102e-4 0 -1 -1.14316e-4 0 -1 -8.73684e-5 0 -1 -8.7401e-5 0 -1 -8.75635e-5 0 -1 -5.05053e-5 0 -1 -5.02693e-5 0 -1 -5.02035e-5 0 -1 -7.96473e-5 0 -1 -7.94713e-5 0 -1 -7.96449e-5 0 -1 6.86937e-5 0 -1 6.89435e-5 0 -1 6.88442e-5 0 -1 6.87226e-5 0 -1 1.76274e-4 0 -1 -2.59592e-5 0 -1 7.41559e-5 0 -1 7.41558e-5 0 -1 7.40338e-5 0 -1 -1.84664e-4 0 -1 1.64474e-4 0 -1 -1.83486e-5 0 -1 2.0771e-5 0 -1 -1.574e-4 0 -1 3.66932e-5 0 -1 -3.74938e-5 0 -1 -9.37313e-6 0 -1 3.0235e-5 0 -1 9.37313e-6 0 -1 6.0227e-5 0 -1 6.05794e-5 0 -1 6.00944e-5 0 -1 1.83486e-5 0 -1 3.66925e-5 0 -1 1.14079e-4 0 -1 1.14316e-4 0 -1 1.14102e-4 0 -1 8.73683e-5 0 -1 8.75634e-5 0 -1 8.74011e-5 0 -1 5.61215e-5 0 -1 5.61822e-5 0 -1 5.61206e-5 0 -1 6.87238e-5 0 -1 -2.70805e-5 0 -1 -2.69936e-5 0 -1 -2.72121e-5 0 -1 -3.63697e-5 0 -1 -3.63413e-5 0 -1 -3.63958e-5 0 -1 -7.10503e-5 0 -1 -7.09993e-5 0 -1 -7.10579e-5 0 -1 -1.87459e-5 0 -3.75608e-7 -0.1736255 0.9848119 0 -0.1736255 0.9848119 -3.3956e-6 -1.42828e-5 1 3.40724e-6 -0.1736255 0.9848119 3.74375e-7 -1.42679e-5 1 0 -1.42753e-5 1 1.01887e-6 -0.3420374 0.9396864 0 -0.4999837 0.8660349 0 -0.3420374 0.9396864 -2.08676e-7 -0.3420295 0.9396893 0 -0.3420295 0.9396893 -3.40585e-6 -0.1736475 0.9848079 3.39933e-6 -0.3420316 0.9396885 2.09019e-7 -0.1736497 0.9848075 0 -0.1736497 0.9848075 0 -0.4999868 0.8660331 -1.01607e-6 -0.4999868 0.866033 0 -0.3420408 0.9396851 8.18632e-7 -0.6427971 0.7660365 0 -0.7660284 0.6428068 0 -0.642797 0.7660366 -6.25661e-7 -0.6428058 0.7660293 0 -0.6428059 0.7660292 -3.39048e-6 -0.5000114 0.8660189 3.40305e-6 -0.6428059 0.7660292 6.23266e-7 -0.5000113 0.866019 0 -0.5000114 0.8660189 0 -0.7660553 0.6427748 -8.50763e-7 -0.7660553 0.6427748 0 -0.6427924 0.7660405 3.40631e-6 -0.8660338 0.4999856 2.91891e-7 -0.7660482 0.6427832 0 -0.7660483 0.6427831 -2.91891e-7 -0.8660133 0.5000211 0 -0.8660133 0.5000211 -3.40492e-6 -0.7660528 0.6427777 3.39653e-6 -0.9396935 0.342018 -4.15145e-7 -0.8660213 0.5000072 0 -0.8660213 0.5000073 4.14009e-7 -0.9396907 0.3420254 0 -0.9396908 0.3420253 -3.40678e-6 -0.8660174 0.500014 3.40678e-6 -0.9848074 0.1736505 0 -0.9396883 0.3420323 0 -0.9396883 0.3420323 0 -0.9848074 0.1736505 0 -0.9848074 0.1736505 -3.40817e-6 -0.9396883 0.3420323 3.397e-6 -1 -2.15992e-5 5.41192e-7 -0.9848098 0.1736374 0 -0.9848098 0.1736374 -5.41489e-7 -1 -2.15694e-5 0 -1 -2.15992e-5 -3.39467e-6 -0.9848098 0.1736374 3.39467e-6 -0.9848098 -0.1736374 5.41489e-7 -1 2.15694e-5 0 -1 2.15992e-5 -5.41192e-7 -0.9848098 -0.1736374 0 -0.9848098 -0.1736374 -3.397e-6 -1 2.15992e-5 3.40817e-6 -0.9396883 -0.3420323 0 -0.9848074 -0.1736505 0 -0.9848074 -0.1736505 0 -0.9396883 -0.3420323 0 -0.9396883 -0.3420323 -3.40678e-6 -0.9848074 -0.1736505 -7.07006e-7 -0.8660275 -0.4999964 0 -0.8660274 -0.4999966 -3.40166e-6 -0.9396977 -0.3420064 3.397e-6 -0.8660236 -0.5000033 7.08169e-7 -0.939695 -0.3420138 0 -0.9396951 -0.3420137 -2.91891e-7 -0.7660482 -0.6427832 0 -0.7660483 -0.6427831 -3.40631e-6 -0.8660338 -0.4999856 3.40492e-6 -0.7660528 -0.6427777 2.91891e-7 -0.8660133 -0.5000211 0 -0.8660133 -0.5000211 3.40585e-6 -0.6427924 -0.7660405 3.75197e-7 -0.7660552 -0.6427748 0 -0.7660553 -0.6427748 -2.91891e-7 -0.6427971 -0.7660366 0 -0.642797 -0.7660366 -3.40492e-6 -0.7660284 -0.6428068 1.2395e-7 -0.4999803 -0.8660369 0 -0.4999803 -0.8660369 -3.3956e-6 -0.6427785 -0.7660523 3.41237e-6 -0.4999803 -0.8660368 -1.23341e-7 -0.6427783 -0.7660522 0 -0.6427785 -0.7660523 -7.05067e-7 -0.3420363 -0.9396868 0 -0.3420363 -0.9396868 -3.41795e-6 -0.4999827 -0.8660355 3.39514e-6 -0.3420398 -0.9396855 7.09719e-7 -0.4999858 -0.8660336 0 -0.4999858 -0.8660336 -2.09019e-7 -0.1736497 -0.9848075 0 -0.1736497 -0.9848075 -3.39933e-6 -0.3420316 -0.9396885 3.40585e-6 -0.1736475 -0.9848079 2.08676e-7 -0.3420295 -0.9396893 0 -0.3420295 -0.9396893 -2.09477e-7 -5.61774e-6 -1 0 -5.62519e-6 -1 -3.39001e-6 -0.1736642 -0.9848049 3.4105e-6 -5.62519e-6 -1 2.08218e-7 -0.1736642 -0.9848049 0 -0.1736642 -0.9848049 -2.08218e-7 0.1736642 -0.9848049 0 0.1736642 -0.9848049 -3.41376e-6 5.61029e-6 -1 3.39327e-6 0.1736642 -0.9848049 2.09477e-7 5.61774e-6 -1 0 5.61029e-6 -1 -2.08676e-7 0.3420306 -0.9396889 0 0.3420306 -0.9396889 -3.39793e-6 0.1736485 -0.9848078 3.39234e-6 0.3420285 -0.9396896 2.09019e-7 0.1736463 -0.9848081 0 0.1736464 -0.9848081 -7.09719e-7 0.4999827 -0.8660355 0 0.4999827 -0.8660355 -3.39374e-6 0.3420364 -0.9396867 3.41516e-6 0.4999858 -0.8660337 7.05067e-7 0.3420398 -0.9396855 0 0.3420398 -0.9396855 1.23341e-7 0.6427783 -0.7660522 0 0.6427785 -0.7660523 -3.41237e-6 0.4999803 -0.8660368 3.3956e-6 0.6427822 -0.766049 -1.2395e-7 0.4999846 -0.8660343 0 0.4999846 -0.8660343 -2.92051e-7 0.7660573 -0.6427723 0 0.7660573 -0.6427724 -3.40492e-6 0.6427946 -0.7660385 3.40771e-6 0.7660552 -0.6427748 3.74991e-7 0.6427924 -0.7660405 0 0.6427924 -0.7660405 -2.91891e-7 0.8660133 -0.5000211 0 0.8660133 -0.5000211 -3.40492e-6 0.7660528 -0.6427777 3.40724e-6 0.8660355 -0.4999825 2.91891e-7 0.7660505 -0.6427804 0 0.7660505 -0.6427804 -7.08169e-7 0.9396978 -0.3420063 0 0.9396977 -0.3420064 -3.39607e-6 0.8660274 -0.4999966 3.40212e-6 0.939695 -0.3420137 7.07005e-7 0.8660234 -0.5000033 0 0.8660236 -0.5000033 0 0.9848074 -0.1736505 0 0.9848074 -0.1736505 -3.40817e-6 0.9396883 -0.3420323 3.40678e-6 0.9848074 -0.1736505 0 0.9396883 -0.3420323 0 0.9396883 -0.3420323 -5.41192e-7 1 -2.19718e-5 0 1 -2.20612e-5 -3.39514e-6 0.9848104 -0.1736332 3.397e-6 1 1.73301e-5 5.41192e-7 0.9848089 -0.1736418 0 0.984809 -0.1736416 -5.41192e-7 0.9848089 0.1736418 0 0.984809 0.1736416 -3.397e-6 1 -1.73301e-5 3.39514e-6 0.9848104 0.1736332 5.41192e-7 1 2.19718e-5 0 1 2.20612e-5 1.62236e-6 0.9396935 0.3420179 0 0.8660213 0.5000073 0 0.9396935 0.342018 0 0.9396883 0.3420323 0 0.9396883 0.3420323 -3.40678e-6 0.9848074 0.1736505 3.40817e-6 0.9396883 0.3420323 0 0.9848074 0.1736505 0 0.9848074 0.1736505 0 0.8660174 0.500014 -1.62749e-6 0.8660174 0.5000141 0 0.9396908 0.3420253 3.40492e-6 0.7660528 0.6427777 2.91891e-7 0.8660133 0.5000211 0 0.8660133 0.5000211 -2.91891e-7 0.7660505 0.6427804 0 0.7660505 0.6427804 -3.40724e-6 0.8660355 0.4999825 -3.74991e-7 0.6427924 0.7660405 0 0.6427924 0.7660405 -3.40771e-6 0.7660552 0.6427748 3.40492e-6 0.6427946 0.7660385 2.92051e-7 0.7660573 0.6427723 0 0.7660573 0.6427724 3.39048e-6 0.5000114 0.8660189 6.25661e-7 0.6428058 0.7660293 0 0.6428059 0.7660292 1.0035e-6 0.4999837 0.8660349 0 0.3420375 0.9396863 0 0.4999837 0.8660349 -6.23266e-7 0.5000157 0.8660165 0 0.5000156 0.8660165 -3.40119e-6 0.6427729 0.7660569 0 0.3420409 0.9396851 -1.00536e-6 0.3420409 0.9396851 0 0.4999868 0.866033 -2.09019e-7 0.1736463 0.9848081 0 0.1736464 0.9848081 -3.39234e-6 0.3420285 0.9396896 3.39793e-6 0.1736485 0.9848078 2.08676e-7 0.3420306 0.9396889 0 0.3420306 0.9396889 -2.91411e-7 1.42679e-5 1 0 1.42604e-5 1 -3.41004e-6 0.1736255 0.9848119 3.39886e-6 1.42679e-5 1 2.92371e-7 0.1736255 0.9848119 0 0.1736255 0.9848119 -3.39234e-6 -1.42753e-5 1 3.40352e-6 -0.1736255 0.9848119 9.93255e-7 -0.3420409 0.9396851 0 -0.4999869 0.866033 0 -0.3420409 0.9396851 -2.08676e-7 -0.3420274 0.9396901 0 -0.3420274 0.9396899 -3.40072e-6 -0.1736453 0.9848083 3.39514e-6 -0.3420316 0.9396885 0 -0.1736496 0.9848075 0 -0.4999869 0.866033 -9.90927e-7 -0.4999868 0.866033 0 -0.3420409 0.9396851 8.27946e-7 -0.6427828 0.7660485 0 -0.7660474 0.6427841 0 -0.6427829 0.7660483 -6.25319e-7 -0.6427769 0.7660536 0 -0.6427767 0.7660537 -3.39048e-6 -0.5000199 0.8660139 0 -0.7660552 0.6427748 -8.29343e-7 -0.7660553 0.6427748 0 -0.6427924 0.7660406 3.40492e-6 -0.8660204 0.5000089 2.92051e-7 -0.7660313 0.6428033 0 -0.7660311 0.6428036 -2.92051e-7 -0.8660301 0.4999921 0 -0.8660302 0.4999917 -3.40492e-6 -0.7660439 0.6427885 3.3956e-6 -0.9396951 0.3420136 7.07005e-7 -0.8660234 0.5000033 0 -0.8660236 0.5000032 -7.9136e-7 -0.9397004 0.3419988 0 -0.9397003 0.341999 -3.39048e-6 -0.8660314 0.4999898 3.40678e-6 -0.984806 0.1736586 0 -0.9396853 0.3420403 0 -0.9396854 0.3420401 -1.2569e-7 -0.9848089 0.173642 0 -0.9848088 0.1736422 -3.40817e-6 -0.939691 0.3420245 3.39886e-6 -1 -1.29491e-5 5.41192e-7 -0.9848082 0.1736461 0 -0.9848082 0.1736459 -5.41192e-7 -1 1.75834e-5 0 -1 1.78739e-5 -3.39607e-6 -0.9848111 0.1736291 3.35788e-6 -0.9848092 -0.1736398 -8.29965e-7 -1 1.93939e-5 0 -1 1.91033e-5 8.30421e-7 -0.9848063 -0.1736569 0 -0.9848062 -0.1736567 -3.39234e-6 -1 1.99676e-6 3.39933e-6 -0.9396863 -0.3420377 1.3737e-6 -0.9848065 -0.1736558 0 -0.9848064 -0.173656 -1.37069e-6 -0.9396969 -0.3420085 0 -0.939697 -0.3420083 -3.39188e-6 -0.9848119 -0.1736252 4.15145e-7 -0.8660174 -0.5000141 0 -0.8660174 -0.500014 -3.39095e-6 -0.9396908 -0.3420252 3.41097e-6 -0.8660252 -0.5000005 -4.14009e-7 -0.9396962 -0.3420104 0 -0.9396961 -0.3420106 -2.92051e-7 -0.7660313 -0.6428033 0 -0.7660311 -0.6428036 -3.40492e-6 -0.8660204 -0.5000089 3.40492e-6 -0.7660439 -0.6427885 2.92051e-7 -0.8660301 -0.4999921 0 -0.8660302 -0.4999917 3.40492e-6 -0.6427923 -0.7660406 2.92051e-7 -0.7660552 -0.6427748 0 -0.7660552 -0.6427748 -2.91891e-7 -0.6427828 -0.7660486 0 -0.6427829 -0.7660483 -3.40585e-6 -0.7660474 -0.6427842 -6.23266e-7 -0.5000113 -0.866019 0 -0.5000114 -0.8660189 -3.40305e-6 -0.6428059 -0.7660292 3.39048e-6 -0.5000199 -0.8660139 6.25319e-7 -0.6427769 -0.7660536 0 -0.6427767 -0.7660537 -1.25828e-7 -0.3420409 -0.9396851 0 -0.3420409 -0.9396851 -3.39793e-6 -0.4999869 -0.866033 3.40538e-6 -0.3420409 -0.9396851 1.25552e-7 -0.4999869 -0.866033 0 -0.4999869 -0.866033 0 -0.1736496 -0.9848075 -3.39514e-6 -0.3420316 -0.9396885 3.40072e-6 -0.1736453 -0.9848083 2.08676e-7 -0.3420274 -0.9396901 0 -0.3420274 -0.9396899 -3.74375e-7 -1.42679e-5 -1 0 -1.42753e-5 -1 -3.40352e-6 -0.1736255 -0.9848119 3.39234e-6 -1.42753e-5 -1 3.75608e-7 -0.1736255 -0.9848119 0 -0.1736255 -0.9848119 -2.92371e-7 0.1736255 -0.9848119 0 0.1736255 -0.9848119 -3.39886e-6 1.42679e-5 -1 3.41004e-6 0.1736255 -0.9848119 2.91411e-7 1.42679e-5 -1 0 1.42604e-5 -1 -2.08676e-7 0.3420317 -0.9396885 0 0.3420316 -0.9396885 -3.40538e-6 0.1736497 -0.9848075 3.39933e-6 0.3420316 -0.9396885 2.09019e-7 0.1736497 -0.9848075 0 0.1736497 -0.9848075 -1.25552e-7 0.4999868 -0.866033 0 0.4999868 -0.8660331 -3.39933e-6 0.3420408 -0.9396851 3.39188e-6 0.4999805 -0.8660367 1.25828e-7 0.3420339 -0.9396877 0 0.342034 -0.9396876 -6.25661e-7 0.6428058 -0.7660293 0 0.6428059 -0.7660292 -3.39048e-6 0.5000114 -0.8660189 3.40305e-6 0.6428059 -0.7660292 6.23266e-7 0.5000113 -0.866019 0 0.5000114 -0.8660189 -2.91891e-7 0.7660325 -0.642802 0 0.7660323 -0.6428021 -3.40631e-6 0.6428017 -0.7660326 3.40817e-6 0.7660553 -0.6427748 0 0.6427924 -0.7660405 3.40445e-6 0.8660133 -0.5000211 2.91891e-7 0.7660529 -0.6427777 0 0.7660528 -0.6427777 4.14009e-7 0.9396907 -0.3420254 0 0.9396908 -0.3420254 -3.40166e-6 0.8660174 -0.5000141 3.39234e-6 0.9396908 -0.3420254 -4.15145e-7 0.8660174 -0.5000141 0 0.8660174 -0.5000141 -1.37445e-6 0.9848119 -0.1736254 0 0.9848119 -0.1736252 -3.38303e-6 0.939697 -0.3420082 3.39188e-6 0.9848119 -0.1736252 1.37069e-6 0.9396969 -0.3420085 0 0.939697 -0.3420083 8.29966e-7 1 1.81794e-6 0 1 1.99676e-6 -3.39421e-6 0.9848062 -0.1736567 3.35602e-6 1 1.90958e-5 -8.30421e-7 0.9848093 -0.1736395 0 0.9848092 -0.1736398 -5.41192e-7 0.9848113 0.1736288 0 0.9848111 0.1736291 -3.39607e-6 1 1.78814e-5 3.39653e-6 0.9848082 0.1736459 5.41489e-7 1 -1.27628e-5 0 1 -1.29417e-5 3.91155e-7 0.939695 0.3420138 0 0.8660236 0.5000033 0 0.939695 0.3420138 0 0.9396853 0.3420403 0 0.9396854 0.3420401 -3.40678e-6 0.984806 0.1736586 3.40817e-6 0.9396854 0.3420401 0 0.9848059 0.1736588 0 0.984806 0.1736586 0 0.8660234 0.5000033 -3.9069e-7 0.8660236 0.5000033 0 0.939695 0.3420138 -2.91891e-7 0.7660529 0.6427777 0 0.7660528 0.6427777 -3.40445e-6 0.8660133 0.5000211 0 0.6427924 0.7660405 -3.40817e-6 0.7660553 0.6427748 3.40631e-6 0.6428017 0.7660326 2.91891e-7 0.7660325 0.642802 0 0.7660323 0.6428021 1.01607e-6 0.4999868 0.866033 0 0.3420408 0.9396851 0 0.4999868 0.8660331 -6.23266e-7 0.5000113 0.866019 0 0.5000114 0.8660189 -3.40305e-6 0.6428059 0.7660292 0 0.342034 0.9396876 -1.01794e-6 0.3420339 0.9396877 0 0.4999805 0.8660367 -2.09019e-7 0.1736497 0.9848075 0 0.1736497 0.9848075 -3.39933e-6 0.3420316 0.9396885 3.40538e-6 0.1736497 0.9848075 2.08676e-7 0.3420317 0.9396885 0 0.3420316 0.9396885 3.39095e-6 -0.9396908 0.3420252 -4.15145e-7 -0.8660174 0.5000141 0 -0.8660174 0.500014 4.14009e-7 -0.9396962 0.3420104 0 -0.9396961 0.3420106 -3.41097e-6 -0.8660252 0.5000005 3.39188e-6 -0.9848119 0.1736252 1.37069e-6 -0.9396969 0.3420085 0 -0.939697 0.3420083 -1.3737e-6 -0.9848065 0.1736558 0 -0.9848064 0.173656 -3.39933e-6 -0.9396863 0.3420377 3.39234e-6 -1 -1.99676e-6 -8.30421e-7 -0.9848063 0.1736569 0 -0.9848062 0.1736567 8.29965e-7 -1 -1.93939e-5 0 -1 -1.91033e-5 -3.35788e-6 -0.9848092 0.1736398 3.39607e-6 -0.9848111 -0.1736291 5.41192e-7 -1 -1.75834e-5 0 -1 -1.78739e-5 -5.41192e-7 -0.9848082 -0.1736461 0 -0.9848082 -0.1736459 -3.39886e-6 -1 1.29491e-5 3.40817e-6 -0.939691 -0.3420245 1.2569e-7 -0.9848089 -0.173642 0 -0.9848088 -0.1736422 0 -0.9396853 -0.3420403 0 -0.9396854 -0.3420401 -3.40678e-6 -0.984806 -0.1736586 -7.07005e-7 -0.8660234 -0.5000033 0 -0.8660236 -0.5000032 -3.3956e-6 -0.9396951 -0.3420136 3.39048e-6 -0.8660314 -0.4999898 7.9136e-7 -0.9397004 -0.3419988 0 -0.9397003 -0.341999 -7.08169e-7 0.939695 -0.3420138 0 0.939695 -0.3420138 -3.39094e-6 0.8660234 -0.5000033 3.39653e-6 0.939695 -0.3420138 0 0.8660236 -0.5000033 0 0.9848059 -0.1736588 0 0.984806 -0.1736586 -3.40817e-6 0.9396854 -0.3420401 3.40678e-6 0.984806 -0.1736586 0 0.9396853 -0.3420403 0 0.9396854 -0.3420401 -5.41489e-7 1 1.27628e-5 0 1 1.29417e-5 -3.39653e-6 0.9848082 -0.1736459 3.39607e-6 1 -1.78814e-5 5.41192e-7 0.9848113 -0.1736288 0 0.9848111 -0.1736291 8.30421e-7 0.9848093 0.1736395 0 0.9848092 0.1736398 -3.35602e-6 1 -1.90958e-5 3.39421e-6 0.9848062 0.1736567 -8.29966e-7 1 -1.81794e-6 0 1 -1.99676e-6 1.62842e-6 0.9396907 0.3420254 0 0.8660174 0.5000141 0 0.9396907 0.3420254 -1.37069e-6 0.9396969 0.3420085 0 0.939697 0.3420083 -3.39188e-6 0.9848119 0.1736252 3.38303e-6 0.939697 0.3420082 1.37445e-6 0.9848119 0.1736254 0 0.9848119 0.1736252 0 0.8660174 0.5000141 -1.63307e-6 0.8660174 0.5000141 0 0.9396908 0.3420254 -2.08218e-7 -0.1736642 0.9848049 0 -0.1736642 0.9848049 -3.4105e-6 -5.62519e-6 1 3.39001e-6 -0.1736642 0.9848049 2.09477e-7 -5.61774e-6 1 0 -5.62519e-6 1 4.54951e-7 -0.3420363 0.9396868 0 -0.4999827 0.8660355 0 -0.3420363 0.9396868 0 -0.4999858 0.8660337 -4.58211e-7 -0.4999858 0.8660336 0 -0.3420397 0.9396855 1.23341e-7 -0.6427783 0.7660522 0 -0.6427785 0.7660523 -3.41237e-6 -0.4999803 0.8660368 3.3956e-6 -0.6427785 0.7660523 -1.2395e-7 -0.4999803 0.8660369 0 -0.4999803 0.8660369 3.40166e-6 -0.9396977 0.3420064 7.07006e-7 -0.8660275 0.4999964 0 -0.8660274 0.4999966 -7.08169e-7 -0.939695 0.3420138 0 -0.9396951 0.3420137 -3.397e-6 -0.8660236 0.5000033 4.15145e-7 -0.8660213 -0.5000072 0 -0.8660213 -0.5000073 -3.39653e-6 -0.9396935 -0.342018 3.40678e-6 -0.8660174 -0.500014 -4.14009e-7 -0.9396907 -0.3420254 0 -0.9396908 -0.3420253 3.39048e-6 -0.5000114 -0.8660189 6.25661e-7 -0.6428058 -0.7660293 0 -0.6428059 -0.7660292 -1.25828e-7 -0.3420374 -0.9396864 0 -0.3420374 -0.9396864 -3.39234e-6 -0.4999837 -0.8660349 3.39933e-6 -0.3420408 -0.9396851 1.25552e-7 -0.4999868 -0.866033 0 -0.4999868 -0.8660331 -3.40724e-6 -0.1736255 -0.9848119 3.3956e-6 -1.42828e-5 -1 -1.25552e-7 0.4999837 -0.8660349 0 0.4999837 -0.8660349 -3.397e-6 0.3420375 -0.9396863 3.40026e-6 0.4999868 -0.866033 1.25828e-7 0.3420409 -0.9396851 0 0.3420409 -0.9396851 3.40119e-6 0.6427729 -0.7660569 6.23266e-7 0.5000157 -0.8660165 0 0.5000156 -0.8660165 4.14009e-7 0.9396935 -0.3420179 0 0.9396935 -0.342018 -3.40585e-6 0.8660213 -0.5000073 3.397e-6 0.9396908 -0.3420253 -4.15145e-7 0.8660174 -0.5000141 0 0.8660174 -0.500014 3.85102e-7 0.9396978 0.3420063 0 0.8660274 0.4999966 0 0.9396977 0.3420064 0 0.8660236 0.5000033 -3.85568e-7 0.8660236 0.5000033 0 0.9396951 0.3420137 3.41237e-6 0.4999803 0.8660368 -1.23341e-7 0.6427783 0.7660522 0 0.6427785 0.7660523 4.45638e-7 0.4999827 0.8660355 0 0.3420363 0.9396868 0 0.4999827 0.8660355 1.2395e-7 0.4999846 0.8660343 0 0.4999846 0.8660343 -3.3956e-6 0.6427822 0.766049 0 0.3420398 0.9396855 -4.42378e-7 0.3420398 0.9396855 0 0.4999858 0.8660337 -2.09477e-7 5.61774e-6 1 0 5.61029e-6 1 -3.39327e-6 0.1736642 0.9848049 3.41376e-6 5.61029e-6 1 2.08218e-7 0.1736642 0.9848049 0 0.1736642 0.9848049 -3.41376e-6 -5.61029e-6 1 3.39327e-6 -0.1736642 0.9848049 0 -5.61029e-6 1 4.42378e-7 -0.3420398 0.9396855 0 -0.4999858 0.8660337 0 -0.3420398 0.9396855 -2.08676e-7 -0.3420306 0.9396889 0 -0.3420306 0.9396889 -3.39793e-6 -0.1736485 0.9848078 3.39234e-6 -0.3420285 0.9396896 2.09019e-7 -0.1736463 0.9848081 0 -0.1736464 0.9848081 0 -0.4999827 0.8660355 -4.45638e-7 -0.4999827 0.8660355 0 -0.3420363 0.9396868 8.50298e-7 -0.6427924 0.7660405 0 -0.7660553 0.6427748 0 -0.6427924 0.7660405 3.3956e-6 -0.6427822 0.766049 -1.2395e-7 -0.4999846 0.8660343 0 -0.4999846 0.8660343 0 -0.7660573 0.6427724 -8.19098e-7 -0.7660573 0.6427723 0 -0.6427947 0.7660385 3.40724e-6 -0.8660355 0.4999825 2.91891e-7 -0.7660505 0.6427804 0 -0.7660505 0.6427804 3.40212e-6 -0.939695 0.3420137 0 -0.8660236 0.5000033 -7.08169e-7 -0.9396978 0.3420063 0 -0.9396977 0.3420064 -3.39607e-6 -0.8660274 0.4999966 3.397e-6 -1 -1.73301e-5 5.41192e-7 -0.9848089 0.1736418 0 -0.984809 0.1736416 -5.41192e-7 -1 2.19718e-5 0 -1 2.20612e-5 -3.39514e-6 -0.9848104 0.1736332 3.39514e-6 -0.9848104 -0.1736332 5.41192e-7 -1 -2.19718e-5 0 -1 -2.20612e-5 -5.41192e-7 -0.9848089 -0.1736418 0 -0.984809 -0.1736416 -3.397e-6 -1 1.73301e-5 0 -0.8660174 -0.500014 -3.397e-6 -0.9396908 -0.3420253 3.40585e-6 -0.8660213 -0.5000073 -4.14009e-7 -0.9396935 -0.3420179 0 -0.9396935 -0.342018 -2.91891e-7 -0.7660505 -0.6427804 0 -0.7660505 -0.6427804 -3.40724e-6 -0.8660355 -0.4999825 3.40492e-6 -0.6427946 -0.7660385 2.92051e-7 -0.7660573 -0.6427723 0 -0.7660573 -0.6427724 -3.74991e-7 -0.6427924 -0.7660405 0 -0.6427924 -0.7660405 -3.40771e-6 -0.7660552 -0.6427748 -6.23266e-7 -0.5000157 -0.8660165 0 -0.5000156 -0.8660165 -3.40119e-6 -0.6427729 -0.7660569 -1.25828e-7 -0.3420409 -0.9396851 0 -0.3420409 -0.9396851 -3.40026e-6 -0.4999868 -0.866033 3.397e-6 -0.3420375 -0.9396863 1.25552e-7 -0.4999837 -0.8660349 0 -0.4999837 -0.8660349 -2.09019e-7 -0.1736463 -0.9848081 0 -0.1736464 -0.9848081 -3.39234e-6 -0.3420285 -0.9396896 3.39793e-6 -0.1736485 -0.9848078 2.08676e-7 -0.3420306 -0.9396889 0 -0.3420306 -0.9396889 -2.91411e-7 -1.42679e-5 -1 0 -1.42604e-5 -1 -3.41004e-6 -0.1736255 -0.9848119 3.39886e-6 -1.42679e-5 -1 2.92371e-7 -0.1736255 -0.9848119 0 -0.1736255 -0.9848119 -3.75608e-7 0.1736255 -0.9848119 0 0.1736255 -0.9848119 -3.3956e-6 1.42828e-5 -1 3.40724e-6 0.1736255 -0.9848119 3.74375e-7 1.42679e-5 -1 0 1.42753e-5 -1 -2.08676e-7 0.3420295 -0.9396893 0 0.3420295 -0.9396893 -3.40585e-6 0.1736475 -0.9848079 3.39234e-6 0.4999837 -0.8660349 1.25828e-7 0.3420374 -0.9396864 0 0.3420374 -0.9396864 -3.75197e-7 0.7660552 -0.6427748 0 0.7660553 -0.6427748 -3.40585e-6 0.6427924 -0.7660405 3.40492e-6 0.7660284 -0.6428068 2.91891e-7 0.6427971 -0.7660366 0 0.642797 -0.7660366 3.40631e-6 0.8660338 -0.4999856 2.91891e-7 0.7660482 -0.6427832 0 0.7660483 -0.6427831 0 0.9396908 -0.3420253 -3.40678e-6 0.8660174 -0.500014 3.39653e-6 0.9396935 -0.342018 -4.15145e-7 0.8660213 -0.5000072 0 0.8660213 -0.5000073 -5.41489e-7 1 2.15694e-5 0 1 2.15992e-5 -3.39467e-6 0.9848098 -0.1736374 3.397e-6 1 2.15992e-5 5.41192e-7 0.9848098 -0.1736374 0 0.9848098 -0.1736374 -5.41192e-7 0.9848098 0.1736374 0 0.9848098 0.1736374 -3.397e-6 1 -2.15992e-5 3.39467e-6 0.9848098 0.1736374 5.41489e-7 1 -2.15694e-5 0 1 -2.15992e-5 3.85567e-7 0.939695 0.3420138 0 0.8660236 0.5000033 0 0.9396951 0.3420137 0 0.8660274 0.4999966 -3.84636e-7 0.8660275 0.4999964 0 0.9396977 0.3420064 -2.91891e-7 0.7660482 0.6427832 0 0.7660483 0.6427831 -3.40631e-6 0.8660338 0.4999856 -2.91891e-7 0.6427971 0.7660366 0 0.642797 0.7660366 -3.40492e-6 0.7660284 0.6428068 3.40585e-6 0.6427924 0.7660405 3.75197e-7 0.7660552 0.6427748 0 0.7660553 0.6427748 4.58211e-7 0.4999858 0.8660336 0 0.3420397 0.9396855 0 0.4999858 0.8660337 1.2395e-7 0.4999803 0.8660369 0 0.4999803 0.8660369 -3.3956e-6 0.6427785 0.7660523 0 0.3420363 0.9396868 -4.54951e-7 0.3420363 0.9396868 0 0.4999827 0.8660355 3.40585e-6 0.1736475 0.9848079 2.08676e-7 0.3420295 0.9396893 0 0.3420295 0.9396893 0 5.62519e-6 1 -3.39001e-6 0.1736642 0.9848049 3.4105e-6 5.62519e-6 1 3.41004e-6 -0.1736255 0.9848119 2.91411e-7 -1.42679e-5 1 0 -1.42604e-5 1 -2.92371e-7 -0.1736255 0.9848119 0 -0.1736255 0.9848119 -3.39886e-6 -1.42679e-5 1 1.01794e-6 -0.3420339 0.9396877 0 -0.4999805 0.8660367 0 -0.342034 0.9396876 -2.08676e-7 -0.3420317 0.9396885 0 -0.3420316 0.9396885 -3.40538e-6 -0.1736497 0.9848075 8.40519e-7 -0.6427924 0.7660405 0 -0.7660553 0.6427747 0 -0.6427924 0.7660405 0 -0.7660323 0.6428021 -8.09785e-7 -0.7660325 0.642802 0 -0.6428017 0.7660326 3.40445e-6 -0.8660133 0.5000211 2.91891e-7 -0.7660529 0.6427777 0 -0.7660528 0.6427777 3.39234e-6 -0.9396908 0.3420254 -4.15145e-7 -0.8660174 0.5000141 0 -0.8660174 0.5000141 0 -0.9396908 0.3420254 -3.40166e-6 -0.8660174 0.5000141 -1.37445e-6 -0.9848119 0.1736254 0 -0.9848119 0.1736252 -3.38303e-6 -0.939697 0.3420082 3.35602e-6 -1 -1.90958e-5 -8.30421e-7 -0.9848093 0.1736395 0 -0.9848092 0.1736398 8.29966e-7 -1 -1.81794e-6 0 -1 -1.99676e-6 -3.39421e-6 -0.9848062 0.1736567 3.39653e-6 -0.9848082 -0.1736459 5.41489e-7 -1 1.27628e-5 0 -1 1.29417e-5 -5.41192e-7 -0.9848113 -0.1736288 0 -0.9848111 -0.1736291 -3.39607e-6 -1 -1.78814e-5 3.40817e-6 -0.9396854 -0.3420401 0 -0.9848059 -0.1736588 0 -0.984806 -0.1736586 3.39094e-6 -0.8660234 -0.5000033 7.08169e-7 -0.939695 -0.3420138 0 -0.939695 -0.3420138 0 -0.8660236 -0.5000033 -3.39653e-6 -0.939695 -0.3420138 -2.91891e-7 -0.7660529 -0.6427777 0 -0.7660528 -0.6427777 -3.40445e-6 -0.8660133 -0.5000211 3.40631e-6 -0.6428017 -0.7660326 2.91891e-7 -0.7660325 -0.642802 0 -0.7660323 -0.6428021 0 -0.6427924 -0.7660405 -3.40817e-6 -0.7660553 -0.6427748 -1.25828e-7 -0.3420339 -0.9396877 0 -0.342034 -0.9396876 -3.39188e-6 -0.4999805 -0.8660367 3.40538e-6 -0.1736497 -0.9848075 2.08676e-7 -0.3420317 -0.9396885 0 -0.3420316 -0.9396885 -3.39234e-6 1.42753e-5 -1 3.40352e-6 0.1736255 -0.9848119 -2.08676e-7 0.3420274 -0.9396901 0 0.3420274 -0.9396899 -3.40072e-6 0.1736453 -0.9848083 3.39514e-6 0.3420316 -0.9396885 0 0.1736496 -0.9848075 3.39793e-6 0.4999869 -0.866033 1.25828e-7 0.3420409 -0.9396851 0 0.3420409 -0.9396851 -1.25552e-7 0.4999869 -0.866033 0 0.4999869 -0.866033 -3.40538e-6 0.3420409 -0.9396851 -6.25319e-7 0.6427769 -0.7660536 0 0.6427767 -0.7660537 -3.39048e-6 0.5000199 -0.8660139 3.40585e-6 0.7660474 -0.6427842 2.91891e-7 0.6427828 -0.7660486 0 0.6427829 -0.7660483 -2.92051e-7 0.7660552 -0.6427748 0 0.7660552 -0.6427748 -3.40492e-6 0.6427923 -0.7660406 -2.92051e-7 0.8660301 -0.4999921 0 0.8660302 -0.4999917 -3.40492e-6 0.7660439 -0.6427885 3.40492e-6 0.8660204 -0.5000089 2.92051e-7 0.7660313 -0.6428033 0 0.7660311 -0.6428036 -7.9136e-7 0.9397004 -0.3419988 0 0.9397003 -0.341999 -3.39048e-6 0.8660314 -0.4999898 3.3956e-6 0.9396951 -0.3420136 0 0.8660236 -0.5000032 -1.2569e-7 0.9848089 -0.173642 0 0.9848088 -0.1736422 -3.40817e-6 0.939691 -0.3420245 -5.41192e-7 1 -1.75834e-5 0 1 -1.78739e-5 -3.39607e-6 0.9848111 -0.1736291 3.39886e-6 1 1.29491e-5 5.41192e-7 0.9848082 -0.1736461 0 0.9848082 -0.1736459 8.30421e-7 0.9848063 0.1736569 0 0.9848062 0.1736567 -3.39234e-6 1 -1.99676e-6 3.35788e-6 0.9848092 0.1736398 -8.29965e-7 1 -1.93939e-5 0 1 -1.91033e-5 1.61724e-6 0.9396963 0.3420104 0 0.8660252 0.5000005 0 0.9396961 0.3420106 3.39933e-6 0.9396863 0.3420377 1.3737e-6 0.9848065 0.1736558 0 0.9848064 0.173656 0 0.8660174 0.500014 -1.62097e-6 0.8660174 0.5000141 0 0.9396908 0.3420252 3.40492e-6 0.7660439 0.6427885 2.92051e-7 0.8660301 0.4999921 0 0.8660302 0.4999917 -2.92051e-7 0.7660313 0.6428033 0 0.7660311 0.6428036 -3.40492e-6 0.8660204 0.5000089 3.40492e-6 0.6427923 0.7660406 2.92051e-7 0.7660552 0.6427748 0 0.7660552 0.6427748 -2.91891e-7 0.6427828 0.7660486 0 0.6427829 0.7660483 -3.40585e-6 0.7660474 0.6427842 3.39048e-6 0.5000199 0.8660139 6.25319e-7 0.6427769 0.7660536 0 0.6427767 0.7660537 9.90927e-7 0.4999868 0.866033 0 0.3420409 0.9396851 0 0.4999869 0.866033 0 0.3420409 0.9396851 -9.93255e-7 0.3420409 0.9396851 0 0.4999869 0.866033 3.40072e-6 0.1736453 0.9848083 2.08676e-7 0.3420274 0.9396901 0 0.3420274 0.9396899 0 0.1736496 0.9848075 -3.39514e-6 0.3420316 0.9396885 3.39234e-6 1.42753e-5 1 3.75608e-7 0.1736255 0.9848119 0 0.1736255 0.9848119 -3.74375e-7 1.42679e-5 1 0 1.42753e-5 1 -3.40352e-6 0.1736255 0.9848119 3.39653e-6 -0.939695 0.3420138 0 -0.8660236 0.5000033 -7.08169e-7 -0.939695 0.3420138 0 -0.939695 0.3420138 -3.39094e-6 -0.8660234 0.5000033 0 -0.9848059 0.1736588 0 -0.984806 0.1736586 -3.40817e-6 -0.9396854 0.3420401 3.39607e-6 -1 1.78814e-5 5.41192e-7 -0.9848113 0.1736288 0 -0.9848111 0.1736291 -5.41489e-7 -1 -1.27628e-5 0 -1 -1.29417e-5 -3.39653e-6 -0.9848082 0.1736459 3.39421e-6 -0.9848062 -0.1736567 -8.29966e-7 -1 1.81794e-6 0 -1 1.99676e-6 8.30421e-7 -0.9848093 -0.1736395 0 -0.9848092 -0.1736398 -3.35602e-6 -1 1.90958e-5 3.38303e-6 -0.939697 -0.3420082 1.37445e-6 -0.9848119 -0.1736254 0 -0.9848119 -0.1736252 3.40166e-6 -0.8660174 -0.5000141 0 -0.9396908 -0.3420254 4.15145e-7 -0.8660174 -0.5000141 0 -0.8660174 -0.5000141 -3.39234e-6 -0.9396908 -0.3420254 4.14009e-7 0.9396962 -0.3420104 0 0.9396961 -0.3420106 -3.41097e-6 0.8660252 -0.5000005 3.39095e-6 0.9396908 -0.3420252 0 0.8660174 -0.500014 -1.3737e-6 0.9848065 -0.1736558 0 0.9848064 -0.173656 -3.39933e-6 0.9396863 -0.3420377 8.29965e-7 1 1.93939e-5 0 1 1.91033e-5 -3.35788e-6 0.9848092 -0.1736398 3.39234e-6 1 1.99676e-6 -8.30421e-7 0.9848063 -0.1736569 0 0.9848062 -0.1736567 -5.41192e-7 0.9848082 0.1736461 0 0.9848082 0.1736459 -3.39886e-6 1 -1.29491e-5 3.39607e-6 0.9848111 0.1736291 5.41192e-7 1 1.75834e-5 0 1 1.78739e-5 4.11179e-7 0.9397005 0.3419988 0 0.8660314 0.4999898 0 0.9397003 0.341999 3.40817e-6 0.939691 0.3420245 1.2569e-7 0.9848089 0.173642 0 0.9848088 0.1736422 0 0.8660236 0.5000032 -3.79048e-7 0.8660236 0.5000033 0 0.9396951 0.3420136 1.00536e-6 -0.3420409 0.9396851 0 -0.4999868 0.866033 0 -0.3420409 0.9396851 0 -0.4999837 0.8660349 -1.0035e-6 -0.4999837 0.8660349 0 -0.3420375 0.9396863 3.40119e-6 -0.6427729 0.7660569 6.23266e-7 -0.5000157 0.8660165 0 -0.5000156 0.8660165 3.397e-6 -0.9396908 0.3420253 0 -0.8660174 0.500014 4.14009e-7 -0.9396935 0.3420179 0 -0.9396935 0.342018 -3.40585e-6 -0.8660213 0.5000073 0 -0.8660236 -0.5000033 -3.40212e-6 -0.939695 -0.3420137 3.39607e-6 -0.8660274 -0.4999966 7.08169e-7 -0.9396978 -0.3420063 0 -0.9396977 -0.3420064 1.2395e-7 -0.4999846 -0.8660343 0 -0.4999846 -0.8660343 -3.3956e-6 -0.6427822 -0.766049 -7.05067e-7 -0.3420398 -0.9396855 0 -0.3420398 -0.9396855 -3.41516e-6 -0.4999858 -0.8660337 3.39374e-6 -0.3420364 -0.9396867 7.09719e-7 -0.4999827 -0.8660355 0 -0.4999827 -0.8660355 0 -5.61029e-6 -1 -3.39327e-6 -0.1736642 -0.9848049 3.41376e-6 -5.61029e-6 -1 -3.4105e-6 5.62519e-6 -1 3.39001e-6 0.1736642 -0.9848049 0 5.62519e-6 -1 -7.09719e-7 0.4999858 -0.8660336 0 0.4999858 -0.8660336 -3.39514e-6 0.3420398 -0.9396855 3.41795e-6 0.4999827 -0.8660355 7.05067e-7 0.3420363 -0.9396868 0 0.3420363 -0.9396868 3.3956e-6 0.6427785 -0.7660523 -1.2395e-7 0.4999803 -0.8660369 0 0.4999803 -0.8660369 -7.08169e-7 0.939695 -0.3420138 0 0.9396951 -0.3420137 -3.397e-6 0.8660236 -0.5000033 3.40166e-6 0.9396977 -0.3420064 7.07006e-7 0.8660275 -0.4999964 0 0.8660274 -0.4999966 1.62283e-6 0.9396907 0.3420254 0 0.8660174 0.500014 0 0.9396908 0.3420253 0 0.8660213 0.5000073 -1.62655e-6 0.8660213 0.5000072 0 0.9396935 0.342018 0 0.3420374 0.9396864 -1.01887e-6 0.3420374 0.9396864 0 0.4999837 0.8660349 -3.40724e-6 0.1736255 0.9848119 3.3956e-6 1.42828e-5 1 -5.06809e-6 -0.1736609 -0.9848056 0 -0.1736609 -0.9848056 3.69037e-6 -2.25753e-6 -1 -3.68804e-6 -0.1736609 -0.9848056 5.07087e-6 -2.26498e-6 -1 0 -2.26498e-6 -1 -4.99045e-6 -0.3420398 -0.9396854 0 -0.3420398 -0.9396854 3.68524e-6 -0.1736583 -0.984806 -3.69037e-6 -0.3420397 -0.9396855 4.98226e-6 -0.1736582 -0.9848061 0 -0.1736583 -0.9848061 -5.10964e-6 -0.4999936 -0.8660291 0 -0.4999936 -0.8660291 3.69176e-6 -0.3420032 -0.9396988 -3.68943e-6 -0.4999935 -0.8660292 5.11244e-6 -0.342003 -0.9396989 0 -0.342003 -0.9396989 -5.07087e-6 -0.6427907 -0.7660418 0 -0.6427907 -0.7660418 3.68198e-6 -0.4999943 -0.8660287 -3.68292e-6 -0.6427912 -0.7660415 5.06809e-6 -0.4999948 -0.8660285 0 -0.4999948 -0.8660285 -5.59902e-6 -0.7660291 -0.6428059 0 -0.7660291 -0.6428059 3.6913e-6 -0.642798 -0.7660358 -3.67966e-6 -0.7660287 -0.6428065 5.61746e-6 -0.6427974 -0.7660362 0 -0.6427974 -0.7660362 -4.65769e-6 -0.8660206 -0.5000084 0 -0.8660206 -0.5000084 3.68618e-6 -0.7660314 -0.6428033 -3.69223e-6 -0.8660202 -0.500009 4.65004e-6 -0.7660309 -0.6428038 0 -0.7660309 -0.6428038 -3.68198e-6 -0.939686 -0.3420386 4.65004e-6 -0.8660343 -0.4999848 0 -0.8660343 -0.4999848 -4.65514e-6 -0.9396857 -0.3420394 0 -0.9396857 -0.3420394 3.67733e-6 -0.8660339 -0.4999854 -5.60824e-6 -0.9848108 -0.1736306 0 -0.9848108 -0.1736306 3.67686e-6 -0.9396951 -0.3420134 -3.675e-6 -0.9848108 -0.1736306 5.61132e-6 -0.9396952 -0.3420134 0 -0.9396952 -0.3420134 -4.98499e-6 -1 -2.17259e-5 0 -1 -2.17259e-5 3.68198e-6 -0.9848105 -0.1736328 -3.68198e-6 -1 -2.17184e-5 4.98499e-6 -0.9848105 -0.1736328 0 -0.9848105 -0.1736328 -4.98499e-6 -0.9848105 0.1736328 0 -0.9848105 0.1736328 3.68198e-6 -1 2.17184e-5 -3.68198e-6 -0.9848105 0.1736328 4.98499e-6 -1 2.17259e-5 0 -1 2.17259e-5 -5.61132e-6 -0.9396952 0.3420134 0 -0.9396952 0.3420134 3.675e-6 -0.9848108 0.1736306 -3.67686e-6 -0.9396951 0.3420134 5.60824e-6 -0.9848108 0.1736306 0 -0.9848108 0.1736306 -4.65004e-6 -0.8660343 0.4999848 0 -0.8660343 0.4999848 3.68198e-6 -0.939686 0.3420386 -3.67733e-6 -0.8660339 0.4999854 4.65514e-6 -0.9396857 0.3420394 0 -0.9396857 0.3420394 -4.65004e-6 -0.7660309 0.6428038 0 -0.7660309 0.6428038 3.69223e-6 -0.8660202 0.500009 -3.68618e-6 -0.7660314 0.6428033 4.65769e-6 -0.8660206 0.5000084 0 -0.8660206 0.5000084 -5.61746e-6 -0.6427974 0.7660362 0 -0.6427974 0.7660362 3.67966e-6 -0.7660287 0.6428065 -3.6913e-6 -0.642798 0.7660358 5.59902e-6 -0.7660291 0.6428059 0 -0.7660291 0.6428059 -5.06809e-6 -0.4999948 0.8660285 0 -0.4999948 0.8660285 3.68292e-6 -0.6427912 0.7660415 -3.68198e-6 -0.4999943 0.8660287 5.07087e-6 -0.6427907 0.7660418 0 -0.6427907 0.7660418 -5.11244e-6 -0.342003 0.9396989 0 -0.342003 0.9396989 3.68943e-6 -0.4999935 0.8660292 -6.44708e-6 -0.3420398 0.9396854 0 -0.1736583 0.984806 0 -0.3420398 0.9396854 -3.69176e-6 -0.3420032 0.9396988 5.10964e-6 -0.4999936 0.8660291 0 -0.4999936 0.8660291 0 -0.1736582 0.9848061 6.43637e-6 -0.1736583 0.984806 0 -0.3420398 0.9396855 -5.07087e-6 -2.26498e-6 1 0 -2.26498e-6 1 3.68804e-6 -0.1736609 0.9848056 -3.69037e-6 -2.25753e-6 1 5.06809e-6 -0.1736609 0.9848056 0 -0.1736609 0.9848056 -5.06809e-6 0.1736609 0.9848056 0 0.1736609 0.9848056 3.69037e-6 2.25753e-6 1 -3.68804e-6 0.1736609 0.9848056 5.07087e-6 2.26498e-6 1 0 2.26498e-6 1 -4.99045e-6 0.3420398 0.9396854 0 0.3420398 0.9396854 3.68524e-6 0.1736583 0.984806 -3.69037e-6 0.3420397 0.9396855 4.98226e-6 0.1736582 0.9848061 0 0.1736583 0.9848061 -5.10964e-6 0.4999936 0.8660291 0 0.4999936 0.8660291 3.69176e-6 0.3420032 0.9396988 -3.68943e-6 0.4999935 0.8660292 5.11244e-6 0.342003 0.9396989 0 0.342003 0.9396989 -5.07087e-6 0.6427907 0.7660418 0 0.6427907 0.7660418 3.68198e-6 0.4999943 0.8660287 -3.68292e-6 0.6427912 0.7660415 5.06809e-6 0.4999948 0.8660285 0 0.4999948 0.8660285 -5.59902e-6 0.7660291 0.6428059 0 0.7660291 0.6428059 3.6913e-6 0.642798 0.7660358 -3.67966e-6 0.7660287 0.6428065 5.61746e-6 0.6427974 0.7660362 0 0.6427974 0.7660362 -4.65769e-6 0.8660206 0.5000084 0 0.8660206 0.5000084 3.68618e-6 0.7660314 0.6428033 -3.69223e-6 0.8660202 0.500009 4.65004e-6 0.7660309 0.6428038 0 0.7660309 0.6428038 -4.65514e-6 0.9396857 0.3420394 0 0.9396857 0.3420394 3.67733e-6 0.8660339 0.4999854 -3.68198e-6 0.939686 0.3420386 4.65004e-6 0.8660343 0.4999848 0 0.8660343 0.4999848 -5.60824e-6 0.9848108 0.1736306 0 0.9848108 0.1736306 3.67686e-6 0.9396951 0.3420134 -3.675e-6 0.9848108 0.1736306 5.61132e-6 0.9396952 0.3420134 0 0.9396952 0.3420134 -4.98499e-6 1 2.17259e-5 0 1 2.17259e-5 3.68198e-6 0.9848105 0.1736328 -3.68198e-6 1 2.17184e-5 4.98499e-6 0.9848105 0.1736328 0 0.9848105 0.1736328 -4.98499e-6 0.9848105 -0.1736328 0 0.9848105 -0.1736328 3.68198e-6 1 -2.17184e-5 -3.68198e-6 0.9848105 -0.1736328 4.98499e-6 1 -2.17259e-5 0 1 -2.17259e-5 -5.61132e-6 0.9396952 -0.3420134 0 0.9396952 -0.3420134 3.675e-6 0.9848108 -0.1736306 -3.67686e-6 0.9396951 -0.3420134 5.60824e-6 0.9848108 -0.1736306 0 0.9848108 -0.1736306 -4.65004e-6 0.8660343 -0.4999848 0 0.8660343 -0.4999848 3.68198e-6 0.939686 -0.3420386 -3.67733e-6 0.8660339 -0.4999854 4.65514e-6 0.9396857 -0.3420394 0 0.9396857 -0.3420394 -3.68618e-6 0.7660314 -0.6428033 4.65769e-6 0.8660206 -0.5000084 0 0.8660206 -0.5000084 -4.65004e-6 0.7660309 -0.6428038 0 0.7660309 -0.6428038 3.69223e-6 0.8660202 -0.500009 -3.6913e-6 0.642798 -0.7660358 5.59902e-6 0.7660291 -0.6428059 0 0.7660291 -0.6428059 -5.61746e-6 0.6427974 -0.7660362 0 0.6427974 -0.7660362 3.67966e-6 0.7660287 -0.6428065 -3.68198e-6 0.4999943 -0.8660287 5.07087e-6 0.6427907 -0.7660418 0 0.6427907 -0.7660418 -5.06809e-6 0.4999948 -0.8660285 0 0.4999948 -0.8660285 3.68292e-6 0.6427912 -0.7660415 -3.69176e-6 0.3420032 -0.9396988 5.10964e-6 0.4999936 -0.8660291 0 0.4999936 -0.8660291 -5.11244e-6 0.342003 -0.9396989 0 0.342003 -0.9396989 3.68943e-6 0.4999935 -0.8660292 -3.68524e-6 0.1736583 -0.984806 4.99045e-6 0.3420398 -0.9396854 0 0.3420398 -0.9396854 -4.98226e-6 0.1736582 -0.9848061 0 0.1736583 -0.9848061 3.69037e-6 0.3420397 -0.9396855 -6.50343e-6 0.1736609 -0.9848055 0 2.26498e-6 -1 0 0.1736609 -0.9848056 0 2.26498e-6 -1 6.50669e-6 2.25753e-6 -1 0 0.1736609 -0.9848056</float_array>
          <technique_common>
            <accessor source="#GP12_T-mesh-normals-array" count="2122" stride="3">
              <param name="X" type="float"/>
              <param name="Y" type="float"/>
              <param name="Z" type="float"/>
            </accessor>
          </technique_common>
        </source>
        <source id="GP12_T-mesh-map-0">
          <float_array id="GP12_T-mesh-map-0-array" count="10152">0.174533 0 0 -0.707107 0.174533 -0.707107 0.174533 0 0 0 0 -0.707107 0.349066 0 0.174533 -0.707107 0.349066 -0.707107 0.349066 0 0.174533 0 0.174533 -0.707107 0.523599 0 0.349066 -0.707107 0.523599 -0.707107 0.523599 0 0.349066 0 0.349066 -0.707107 0.698132 0 0.523599 -0.707107 0.698132 -0.707107 0.698132 0 0.523599 0 0.523599 -0.707107 0.872665 0 0.698132 -0.707107 0.872665 -0.707107 0.872665 0 0.698132 0 0.698132 -0.707107 1.047198 0 0.872665 -0.707107 1.047198 -0.707107 1.047198 0 0.872665 0 0.872665 -0.707107 1.22173 0 1.047198 0 1.047198 -0.707107 1.22173 0 1.047198 -0.707107 1.22173 -0.707107 1.396263 0 1.22173 0 1.22173 -0.707107 1.396263 0 1.22173 -0.707107 1.396263 -0.707107 1.570796 0 1.396263 0 1.396263 -0.707107 1.570796 0 1.396263 -0.707107 1.570796 -0.707107 1.745329 0 1.570796 0 1.570796 -0.707107 1.745329 0 1.570796 -0.707107 1.745329 -0.707107 1.919862 0 1.745329 0 1.745329 -0.707107 1.919862 0 1.745329 -0.707107 1.919862 -0.707107 2.094395 0 1.919862 0 1.919862 -0.707107 2.094395 0 1.919862 -0.707107 2.094395 -0.707107 2.268928 0 2.094395 -0.707107 2.268928 -0.707107 2.268928 0 2.094395 0 2.094395 -0.707107 2.443461 0 2.268928 -0.707107 2.443461 -0.707107 2.443461 0 2.268928 0 2.268928 -0.707107 2.617994 0 2.443461 -0.707107 2.617994 -0.707107 2.617994 0 2.443461 0 2.443461 -0.707107 2.792527 0 2.617994 -0.707107 2.792527 -0.707107 2.792527 0 2.617994 0 2.617994 -0.707107 2.96706 0 2.792527 -0.707107 2.96706 -0.707107 2.96706 0 2.792527 0 2.792527 -0.707107 3.141593 0 2.96706 -0.707107 3.141593 -0.707107 3.141593 0 2.96706 0 2.96706 -0.707107 3.316126 0 3.141593 -0.707107 3.316126 -0.707107 3.316126 0 3.141593 0 3.141593 -0.707107 3.490659 -0.707107 3.316126 0 3.316126 -0.707107 3.490659 0 3.316126 0 3.490659 -0.707107 3.665191 0 3.490659 -0.707107 3.665191 -0.707107 3.665191 0 3.490659 0 3.490659 -0.707107 3.839724 0 3.665191 -0.707107 3.839724 -0.707107 3.839724 0 3.665191 0 3.665191 -0.707107 4.014257 0 3.839724 -0.707107 4.014257 -0.707107 4.014257 0 3.839724 0 3.839724 -0.707107 4.18879 -0.707107 4.014257 0 4.014257 -0.707107 4.18879 0 4.014257 0 4.18879 -0.707107 4.363323 0 4.18879 -0.707107 4.363323 -0.707107 4.363323 0 4.18879 0 4.18879 -0.707107 4.537856 0 4.363323 -0.707107 4.537856 -0.707107 4.537856 0 4.363323 0 4.363323 -0.707107 4.712389 0 4.537856 -0.707107 4.712389 -0.707107 4.712389 0 4.537856 0 4.537856 -0.707107 4.886922 0 4.712389 -0.707107 4.886922 -0.707107 4.886922 0 4.712389 0 4.712389 -0.707107 5.061455 0 4.886922 -0.707107 5.061455 -0.707107 5.061455 0 4.886922 0 4.886922 -0.707107 5.235988 0 5.061455 -0.707107 5.235988 -0.707107 5.235988 0 5.061455 0 5.061455 -0.707107 5.410521 0 5.235988 -0.707107 5.410521 -0.707107 5.410521 0 5.235988 0 5.235988 -0.707107 5.585053 -0.707107 5.410521 0 5.410521 -0.707107 5.585053 0 5.410521 0 5.585053 -0.707107 5.759586 0 5.585053 -0.707107 5.759586 -0.707107 5.759586 0 5.585053 0 5.585053 -0.707107 5.934119 0 5.759586 -0.707107 5.934119 -0.707107 5.934119 0 5.759586 0 5.759586 -0.707107 6.108653 0 5.934119 -0.707107 6.108653 -0.707107 6.108653 0 5.934119 0 5.934119 -0.707107 6.283185 0 6.108653 -0.707107 6.283185 -0.707107 6.283185 0 6.108653 0 6.108653 -0.707107 -11.77574 -27.1326 -15.25 -26.41378 -10.43161 -28.66063 -11.97911 -26.92923 -15.25 -26.41378 -11.77574 -27.1326 -27.1326 -11.77574 -28.66063 -10.43161 -26.41378 -15.25 -27.1326 -11.77574 -26.41378 -15.25 -26.92923 -11.97911 -12.14408 -26.69363 -15.25 -26.41378 -11.97911 -26.92923 -11.54014 -27.29757 -11.77574 -27.1326 -10.43161 -28.66063 -26.69363 -12.14408 -26.92923 -11.97911 -26.41378 -15.25 -27.29757 -11.54014 -28.66063 -10.43161 -27.1326 -11.77574 -11.27947 -27.41912 -11.54014 -27.29757 -10.43161 -28.66063 -12.26563 -26.43296 -15.25 -26.41378 -12.14408 -26.69363 -27.41912 -11.27947 -28.66063 -10.43161 -27.29757 -11.54014 -26.43296 -12.26563 -26.69363 -12.14408 -26.41378 -15.25 -12.34007 -26.15515 -15.25 -26.41378 -12.26563 -26.43296 -11.00166 -27.49356 -11.27947 -27.41912 -10.43161 -28.66063 -27.49356 -11.00166 -28.66063 -10.43161 -27.41912 -11.27947 -26.15515 -12.34007 -26.43296 -12.26563 -26.41378 -15.25 -12.36514 -25.86863 -15.25 -26.41378 -12.34007 -26.15515 -10.71514 -27.51863 -11.00166 -27.49356 -10.43161 -28.66063 -25.86863 -12.36514 -26.15515 -12.34007 -26.41378 -15.25 -27.51863 -10.71514 -28.66063 -10.43161 -27.49356 -11.00166 -12.34007 -25.58211 -15.25 -26.41378 -12.36514 -25.86863 -10.42862 -27.49356 -10.71514 -27.51863 -10.43161 -28.66063 -27.49356 -10.42862 -28.66063 -10.43161 -27.51863 -10.71514 -25.58211 -12.34007 -25.86863 -12.36514 -26.41378 -15.25 -12.26563 -25.3043 -15.25 -26.41378 -12.34007 -25.58211 -10.1508 -27.41912 -10.42862 -27.49356 -10.43161 -28.66063 -27.41912 -10.1508 -28.66063 -10.43161 -27.49356 -10.42862 -25.3043 -12.26563 -25.58211 -12.34007 -26.41378 -15.25 -12.14408 -25.04363 -15.25 -26.41378 -12.26563 -25.3043 -9.890136 -27.29757 -10.1508 -27.41912 -10.43161 -28.66063 -27.29757 -9.890136 -28.66063 -10.43161 -27.41912 -10.1508 -25.04363 -12.14408 -25.3043 -12.26563 -26.41378 -15.25 -9.654537 -27.1326 -9.890136 -27.29757 -10.43161 -28.66063 -27.1326 -9.654537 -28.66063 -10.43161 -27.29757 -9.890136 -30.03664 -5.296269 -27.1326 -9.654537 -26.92923 -9.451163 -30.03664 -5.296269 -26.92923 -9.451163 -26.69363 -9.286194 -30.03664 -5.296269 -26.69363 -9.286194 -26.43296 -9.164644 -30.03664 -5.296269 -28.66063 -10.43161 -27.1326 -9.654537 -5.296269 -30.03664 -9.654537 -27.1326 -10.43161 -28.66063 -5.296269 -30.03664 -9.164644 -26.43296 -9.286194 -26.69363 -5.296269 -30.03664 -9.286194 -26.69363 -9.451163 -26.92923 -5.296269 -30.03664 -9.451163 -26.92923 -9.654537 -27.1326 -19.15111 -16.06969 -23.36436 -19.60502 -19.60502 -23.36436 -16.06969 -19.15111 -19.60502 -23.36436 -15.25 -26.41378 -16.06969 -19.15111 -19.15111 -16.06969 -19.60502 -23.36436 -21.65064 -12.5 -26.41378 -15.25 -23.36436 -19.60502 -21.65064 -12.5 -24.21863 -10.71514 -24.2437 -11.00166 -21.65064 -12.5 -24.2437 -11.00166 -24.31814 -11.27947 -21.65064 -12.5 -24.31814 -11.27947 -24.43969 -11.54014 -21.65064 -12.5 -24.43969 -11.54014 -24.60466 -11.77574 -21.65064 -12.5 -24.60466 -11.77574 -24.80803 -11.97911 -21.65064 -12.5 -24.80803 -11.97911 -25.04363 -12.14408 -21.65064 -12.5 -25.04363 -12.14408 -26.41378 -15.25 -21.65064 -12.5 -24.2437 -10.42862 -24.21863 -10.71514 -21.65064 -12.5 -23.36436 -19.60502 -19.15111 -16.06969 -12.5 -21.65064 -12.14408 -25.04363 -11.97911 -24.80803 -12.5 -21.65064 -11.97911 -24.80803 -11.77574 -24.60466 -12.5 -21.65064 -11.77574 -24.60466 -11.54014 -24.43969 -12.5 -21.65064 -11.54014 -24.43969 -11.27947 -24.31814 -12.5 -21.65064 -11.27947 -24.31814 -11.00166 -24.2437 -12.5 -21.65064 -11.00166 -24.2437 -10.71514 -24.21863 -12.5 -21.65064 -10.71514 -24.21863 -10.42862 -24.2437 -12.5 -21.65064 -15.25 -26.41378 -12.14408 -25.04363 -12.5 -21.65064 -16.06969 -19.15111 -15.25 -26.41378 -23.49232 -8.550504 -25.58211 -9.090204 -25.3043 -9.164644 -23.49232 -8.550504 -25.3043 -9.164644 -25.04363 -9.286194 -23.49232 -8.550504 -25.04363 -9.286194 -24.80803 -9.451163 -23.49232 -8.550504 -24.80803 -9.451163 -24.60466 -9.654537 -23.49232 -8.550504 -24.60466 -9.654537 -24.43969 -9.890136 -23.49232 -8.550504 -24.43969 -9.890136 -24.31814 -10.1508 -23.49232 -8.550504 -24.31814 -10.1508 -24.2437 -10.42862 -23.49232 -8.550504 -24.2437 -10.42862 -21.65064 -12.5 -8.550504 -23.49232 -10.42862 -24.2437 -10.1508 -24.31814 -8.550504 -23.49232 -10.1508 -24.31814 -9.890136 -24.43969 -8.550504 -23.49232 -9.890136 -24.43969 -9.654537 -24.60466 -8.550504 -23.49232 -9.654537 -24.60466 -9.451163 -24.80803 -8.550504 -23.49232 -9.451163 -24.80803 -9.286194 -25.04363 -8.550504 -23.49232 -9.286194 -25.04363 -9.164644 -25.3043 -8.550504 -23.49232 -9.164644 -25.3043 -9.090204 -25.58211 -8.550504 -23.49232 -12.5 -21.65064 -10.42862 -24.2437 -29.53209 -1.285575 -30.03664 -5.296269 -29.28558 -1.532089 -29.73205 -1 -30.03664 -5.296269 -29.53209 -1.285575 -29 -1.732051 -29.28558 -1.532089 -30.03664 -5.296269 -28.68404 -1.879385 -29 -1.732051 -30.03664 -5.296269 -30.5 0 -30.03664 -5.296269 -29.73205 -1 -30.5 0 -29.73205 -1 -29.87939 -0.68404 -29.96962 -0.347296 -30.5 0 -29.87939 -0.68404 -28.3473 -1.969615 -28.68404 -1.879385 -30.03664 -5.296269 -30 0 -30.5 0 -29.96962 -0.347296 -28 -2 -28.3473 -1.969615 -30.03664 -5.296269 -29.96962 0.347296 -30.5 0 -30 0 -27.6527 -1.969615 -28 -2 -30.03664 -5.296269 -29.87939 0.68404 -30.5 0 -29.96962 0.347296 -24.62019 -4.341205 -26.43296 -9.164644 -26.15515 -9.090204 -24.62019 -4.341205 -26.15515 -9.090204 -25.86863 -9.065136 -24.62019 -4.341205 -25.86863 -9.065136 -25.58211 -9.090204 -24.62019 -4.341205 -25.58211 -9.090204 -23.49232 -8.550504 -24.62019 -4.341205 -27.6527 -1.969615 -30.03664 -5.296269 -24.62019 -4.341205 -30.03664 -5.296269 -26.43296 -9.164644 -24.62019 -4.341205 -27.31596 -1.879385 -27.6527 -1.969615 -4.341205 -24.62019 -8.550504 -23.49232 -9.090204 -25.58211 -4.341205 -24.62019 -9.090204 -25.58211 -9.065136 -25.86863 -4.341205 -24.62019 -9.164644 -26.43296 -5.296269 -30.03664 -4.341205 -24.62019 -9.065136 -25.86863 -9.090204 -26.15515 -4.341205 -24.62019 -9.090204 -26.15515 -9.164644 -26.43296 -29.73205 1 -30.5 0 -29.87939 0.68404 -27 -1.732051 -27.31596 -1.879385 -24.62019 -4.341205 -26.71442 -1.532089 -27 -1.732051 -24.62019 -4.341205 -26.46791 -1.285575 -26.71442 -1.532089 -24.62019 -4.341205 -26.26795 -1 -26.46791 -1.285575 -24.62019 -4.341205 -25 0 -26.26795 1 -26.12062 0.68404 -25 0 -26.12062 0.68404 -26.03038 0.347296 -25 0 -26.03038 0.347296 -26 0 -25 0 -26 0 -26.03038 -0.347296 -25 0 -26.03038 -0.347296 -26.12062 -0.68404 -25 0 -26.12062 -0.68404 -26.26795 -1 -25 0 -26.26795 -1 -24.62019 -4.341205 0 -25 -5.296269 -30.03664 0 -30.5 0 -25 -4.341205 -24.62019 -5.296269 -30.03664 -30.03664 5.296269 -30.5 0 -29.73205 1 -30.03664 5.296269 -29.73205 1 -29.53209 1.285575 -30.03664 5.296269 -29.53209 1.285575 -29.28558 1.532089 -30.03664 5.296269 -29.28558 1.532089 -29 1.732051 -30.03664 5.296269 -29 1.732051 -28.68404 1.879385 -30.03664 5.296269 -28.68404 1.879385 -28.3473 1.969615 -30.03664 5.296269 -28.3473 1.969615 -28 2 -30.03664 5.296269 -28 2 -27.6527 1.969615 -24.62019 4.341205 -26.26795 1 -25 0 -24.62019 4.341205 -30.03664 5.296269 -27.6527 1.969615 -24.62019 4.341205 -27.6527 1.969615 -27.31596 1.879385 -24.62019 4.341205 -27.31596 1.879385 -27 1.732051 -24.62019 4.341205 -27 1.732051 -26.71442 1.532089 -24.62019 4.341205 -26.71442 1.532089 -26.46791 1.285575 -24.62019 4.341205 -26.46791 1.285575 -26.26795 1 4.341205 -24.62019 0 -30.5 5.296269 -30.03664 4.341205 -24.62019 0 -25 0 -30.5 9.654537 -27.1326 5.296269 -30.03664 10.43161 -28.66063 9.451163 -26.92923 5.296269 -30.03664 9.654537 -27.1326 -27.1326 9.654537 -28.66063 10.43161 -30.03664 5.296269 -26.92923 9.451163 -27.1326 9.654537 -30.03664 5.296269 9.286194 -26.69363 5.296269 -30.03664 9.451163 -26.92923 9.890136 -27.29757 9.654537 -27.1326 10.43161 -28.66063 -27.29757 9.890136 -28.66063 10.43161 -27.1326 9.654537 -26.69363 9.286194 -26.92923 9.451163 -30.03664 5.296269 10.1508 -27.41912 9.890136 -27.29757 10.43161 -28.66063 9.164644 -26.43296 4.341205 -24.62019 5.296269 -30.03664 9.164644 -26.43296 5.296269 -30.03664 9.286194 -26.69363 -27.41912 10.1508 -28.66063 10.43161 -27.29757 9.890136 -26.43296 9.164644 -30.03664 5.296269 -24.62019 4.341205 -26.43296 9.164644 -26.69363 9.286194 -30.03664 5.296269 9.090204 -26.15515 4.341205 -24.62019 9.164644 -26.43296 10.42862 -27.49356 10.1508 -27.41912 10.43161 -28.66063 -26.15515 9.090204 -26.43296 9.164644 -24.62019 4.341205 -27.49356 10.42862 -28.66063 10.43161 -27.41912 10.1508 10.71514 -27.51863 10.42862 -27.49356 10.43161 -28.66063 9.065136 -25.86863 4.341205 -24.62019 9.090204 -26.15515 -27.51863 10.71514 -28.66063 10.43161 -27.49356 10.42862 -25.86863 9.065136 -26.15515 9.090204 -24.62019 4.341205 11.00166 -27.49356 10.71514 -27.51863 10.43161 -28.66063 9.090204 -25.58211 4.341205 -24.62019 9.065136 -25.86863 -27.49356 11.00166 -28.66063 10.43161 -27.51863 10.71514 -25.58211 9.090204 -25.86863 9.065136 -24.62019 4.341205 11.27947 -27.41912 11.00166 -27.49356 10.43161 -28.66063 -27.41912 11.27947 -28.66063 10.43161 -27.49356 11.00166 11.54014 -27.29757 11.27947 -27.41912 10.43161 -28.66063 -27.29757 11.54014 -28.66063 10.43161 -27.41912 11.27947 11.77574 -27.1326 11.54014 -27.29757 10.43161 -28.66063 -27.1326 11.77574 -28.66063 10.43161 -27.29757 11.54014 -23.49232 8.550504 -24.60466 9.654537 -24.80803 9.451163 -23.49232 8.550504 -24.80803 9.451163 -25.04363 9.286194 -23.49232 8.550504 -25.04363 9.286194 -25.3043 9.164644 -23.49232 8.550504 -25.3043 9.164644 -25.58211 9.090204 -23.49232 8.550504 -25.58211 9.090204 -24.62019 4.341205 8.550504 -23.49232 4.341205 -24.62019 9.090204 -25.58211 8.550504 -23.49232 9.090204 -25.58211 9.164644 -25.3043 8.550504 -23.49232 9.164644 -25.3043 9.286194 -25.04363 8.550504 -23.49232 9.286194 -25.04363 9.451163 -24.80803 8.550504 -23.49232 9.451163 -24.80803 9.654537 -24.60466 9.890136 -24.43969 8.550504 -23.49232 9.654537 -24.60466 -24.43969 9.890136 -24.60466 9.654537 -23.49232 8.550504 10.1508 -24.31814 8.550504 -23.49232 9.890136 -24.43969 -24.31814 10.1508 -24.43969 9.890136 -23.49232 8.550504 10.42862 -24.2437 8.550504 -23.49232 10.1508 -24.31814 -24.2437 10.42862 -24.31814 10.1508 -23.49232 8.550504 15.25 -26.41378 11.77574 -27.1326 10.43161 -28.66063 15.25 -26.41378 12.36514 -25.86863 12.34007 -26.15515 15.25 -26.41378 12.34007 -26.15515 12.26563 -26.43296 15.25 -26.41378 12.26563 -26.43296 12.14408 -26.69363 15.25 -26.41378 12.14408 -26.69363 11.97911 -26.92923 15.25 -26.41378 11.97911 -26.92923 11.77574 -27.1326 15.25 -26.41378 12.14408 -25.04363 12.26563 -25.3043 15.25 -26.41378 12.26563 -25.3043 12.34007 -25.58211 15.25 -26.41378 12.34007 -25.58211 12.36514 -25.86863 -26.41378 15.25 -25.58211 12.34007 -25.3043 12.26563 -26.41378 15.25 -25.3043 12.26563 -25.04363 12.14408 -26.41378 15.25 -28.66063 10.43161 -27.1326 11.77574 -26.41378 15.25 -27.1326 11.77574 -26.92923 11.97911 -26.41378 15.25 -26.92923 11.97911 -26.69363 12.14408 -26.41378 15.25 -26.69363 12.14408 -26.43296 12.26563 -26.41378 15.25 -26.43296 12.26563 -26.15515 12.34007 -26.41378 15.25 -26.15515 12.34007 -25.86863 12.36514 -26.41378 15.25 -25.86863 12.36514 -25.58211 12.34007 -21.65064 12.5 -25.04363 12.14408 -24.80803 11.97911 -21.65064 12.5 -24.80803 11.97911 -24.60466 11.77574 -21.65064 12.5 -24.60466 11.77574 -24.43969 11.54014 -21.65064 12.5 -24.43969 11.54014 -24.31814 11.27947 -21.65064 12.5 -24.31814 11.27947 -24.2437 11.00166 -21.65064 12.5 -24.2437 11.00166 -24.21863 10.71514 -21.65064 12.5 -26.41378 15.25 -25.04363 12.14408 -21.65064 12.5 -24.2437 10.42862 -23.49232 8.550504 -21.65064 12.5 -24.21863 10.71514 -24.2437 10.42862 12.5 -21.65064 12.14408 -25.04363 15.25 -26.41378 12.5 -21.65064 8.550504 -23.49232 10.42862 -24.2437 12.5 -21.65064 10.42862 -24.2437 10.71514 -24.21863 12.5 -21.65064 10.71514 -24.21863 11.00166 -24.2437 12.5 -21.65064 11.00166 -24.2437 11.27947 -24.31814 12.5 -21.65064 11.27947 -24.31814 11.54014 -24.43969 12.5 -21.65064 11.54014 -24.43969 11.77574 -24.60466 12.5 -21.65064 11.77574 -24.60466 11.97911 -24.80803 12.5 -21.65064 11.97911 -24.80803 12.14408 -25.04363 19.60502 -23.36436 12.5 -21.65064 15.25 -26.41378 -19.15111 16.06969 -23.36436 19.60502 -26.41378 15.25 -19.15111 16.06969 -26.41378 15.25 -21.65064 12.5 16.06969 -19.15111 12.5 -21.65064 19.60502 -23.36436 -16.06969 19.15111 -23.36436 19.60502 -19.15111 16.06969 23.36436 -19.60502 16.06969 -19.15111 19.60502 -23.36436 23.36436 -19.60502 19.15111 -16.06969 16.06969 -19.15111 -19.60502 23.36436 -23.36436 19.60502 -16.06969 19.15111 -12.5 21.65064 -19.60502 23.36436 -16.06969 19.15111 21.65064 -12.5 19.15111 -16.06969 23.36436 -19.60502 26.41378 -15.25 21.65064 -12.5 23.36436 -19.60502 -15.25 26.41378 -19.60502 23.36436 -12.5 21.65064 24.60466 -11.77574 21.65064 -12.5 24.80803 -11.97911 -11.97911 24.80803 -12.5 21.65064 -11.77574 24.60466 25.04363 -12.14408 21.65064 -12.5 26.41378 -15.25 25.04363 -12.14408 24.80803 -11.97911 21.65064 -12.5 24.43969 -11.54014 21.65064 -12.5 24.60466 -11.77574 -11.54014 24.43969 -11.77574 24.60466 -12.5 21.65064 -12.14408 25.04363 -15.25 26.41378 -12.5 21.65064 -12.14408 25.04363 -12.5 21.65064 -11.97911 24.80803 25.3043 -12.26563 25.04363 -12.14408 26.41378 -15.25 24.31814 -11.27947 21.65064 -12.5 24.43969 -11.54014 -11.27947 24.31814 -11.54014 24.43969 -12.5 21.65064 -12.26563 25.3043 -15.25 26.41378 -12.14408 25.04363 25.58211 -12.34007 25.3043 -12.26563 26.41378 -15.25 24.2437 -11.00166 21.65064 -12.5 24.31814 -11.27947 -12.34007 25.58211 -15.25 26.41378 -12.26563 25.3043 -11.00166 24.2437 -11.27947 24.31814 -12.5 21.65064 25.86863 -12.36514 25.58211 -12.34007 26.41378 -15.25 24.21863 -10.71514 21.65064 -12.5 24.2437 -11.00166 -10.71514 24.21863 -11.00166 24.2437 -12.5 21.65064 -12.36514 25.86863 -15.25 26.41378 -12.34007 25.58211 26.15515 -12.34007 25.86863 -12.36514 26.41378 -15.25 24.2437 -10.42862 21.65064 -12.5 24.21863 -10.71514 -12.34007 26.15515 -15.25 26.41378 -12.36514 25.86863 -10.42862 24.2437 -10.71514 24.21863 -12.5 21.65064 26.43296 -12.26563 26.15515 -12.34007 26.41378 -15.25 -12.26563 26.43296 -15.25 26.41378 -12.34007 26.15515 26.69363 -12.14408 26.43296 -12.26563 26.41378 -15.25 -12.14408 26.69363 -15.25 26.41378 -12.26563 26.43296 -8.550504 23.49232 -9.890136 24.43969 -10.1508 24.31814 -8.550504 23.49232 -10.1508 24.31814 -10.42862 24.2437 -8.550504 23.49232 -10.42862 24.2437 -12.5 21.65064 23.49232 -8.550504 24.2437 -10.42862 24.31814 -10.1508 23.49232 -8.550504 24.31814 -10.1508 24.43969 -9.890136 23.49232 -8.550504 21.65064 -12.5 24.2437 -10.42862 26.92923 -11.97911 26.69363 -12.14408 26.41378 -15.25 24.60466 -9.654537 23.49232 -8.550504 24.43969 -9.890136 -11.97911 26.92923 -15.25 26.41378 -12.14408 26.69363 -9.654537 24.60466 -9.890136 24.43969 -8.550504 23.49232 24.80803 -9.451163 23.49232 -8.550504 24.60466 -9.654537 27.1326 -11.77574 26.92923 -11.97911 26.41378 -15.25 -11.77574 27.1326 -15.25 26.41378 -11.97911 26.92923 -9.451163 24.80803 -9.654537 24.60466 -8.550504 23.49232 25.04363 -9.286194 23.49232 -8.550504 24.80803 -9.451163 -9.286194 25.04363 -9.451163 24.80803 -8.550504 23.49232 25.3043 -9.164644 23.49232 -8.550504 25.04363 -9.286194 -9.164644 25.3043 -9.286194 25.04363 -8.550504 23.49232 25.58211 -9.090204 23.49232 -8.550504 25.3043 -9.164644 -9.090204 25.58211 -9.164644 25.3043 -8.550504 23.49232 28.66063 -10.43161 27.1326 -11.77574 26.41378 -15.25 28.66063 -10.43161 27.51863 -10.71514 27.49356 -11.00166 28.66063 -10.43161 27.49356 -11.00166 27.41912 -11.27947 28.66063 -10.43161 27.41912 -11.27947 27.29757 -11.54014 28.66063 -10.43161 27.29757 -11.54014 27.1326 -11.77574 28.66063 -10.43161 27.1326 -9.654537 27.29757 -9.890136 28.66063 -10.43161 27.29757 -9.890136 27.41912 -10.1508 28.66063 -10.43161 27.41912 -10.1508 27.49356 -10.42862 28.66063 -10.43161 27.49356 -10.42862 27.51863 -10.71514 -10.43161 28.66063 -15.25 26.41378 -11.77574 27.1326 -10.43161 28.66063 -11.77574 27.1326 -11.54014 27.29757 -10.43161 28.66063 -11.54014 27.29757 -11.27947 27.41912 -10.43161 28.66063 -11.27947 27.41912 -11.00166 27.49356 -10.43161 28.66063 -11.00166 27.49356 -10.71514 27.51863 -10.43161 28.66063 -10.71514 27.51863 -10.42862 27.49356 -10.43161 28.66063 -10.42862 27.49356 -10.1508 27.41912 -10.43161 28.66063 -10.1508 27.41912 -9.890136 27.29757 -10.43161 28.66063 -9.890136 27.29757 -9.654537 27.1326 -4.341205 24.62019 -9.065136 25.86863 -9.090204 25.58211 -4.341205 24.62019 -9.090204 25.58211 -8.550504 23.49232 -4.341205 24.62019 -9.164644 26.43296 -9.090204 26.15515 -4.341205 24.62019 -9.090204 26.15515 -9.065136 25.86863 24.62019 -4.341205 23.49232 -8.550504 25.58211 -9.090204 24.62019 -4.341205 25.58211 -9.090204 25.86863 -9.065136 24.62019 -4.341205 25.86863 -9.065136 26.15515 -9.090204 24.62019 -4.341205 26.15515 -9.090204 26.43296 -9.164644 30.03664 -5.296269 27.1326 -9.654537 28.66063 -10.43161 30.03664 -5.296269 26.43296 -9.164644 26.69363 -9.286194 30.03664 -5.296269 26.69363 -9.286194 26.92923 -9.451163 30.03664 -5.296269 26.92923 -9.451163 27.1326 -9.654537 30.03664 -5.296269 24.62019 -4.341205 26.43296 -9.164644 -5.296269 30.03664 -9.654537 27.1326 -9.451163 26.92923 -5.296269 30.03664 -10.43161 28.66063 -9.654537 27.1326 -5.296269 30.03664 -9.451163 26.92923 -9.286194 26.69363 -5.296269 30.03664 -9.286194 26.69363 -9.164644 26.43296 -5.296269 30.03664 -9.164644 26.43296 -4.341205 24.62019 0 25 -5.296269 30.03664 -4.341205 24.62019 30.5 0 25 0 24.62019 -4.341205 30.5 0 24.62019 -4.341205 30.03664 -5.296269 0 30.5 -5.296269 30.03664 0 25 0 30.5 0 25 4.341205 24.62019 24.60466 9.654537 23.49232 8.550504 24.80803 9.451163 9.451163 24.80803 8.550504 23.49232 9.654537 24.60466 25.04363 9.286194 24.80803 9.451163 23.49232 8.550504 24.43969 9.890136 23.49232 8.550504 24.60466 9.654537 9.890136 24.43969 9.654537 24.60466 8.550504 23.49232 9.286194 25.04363 8.550504 23.49232 9.451163 24.80803 25.3043 9.164644 25.04363 9.286194 23.49232 8.550504 24.31814 10.1508 23.49232 8.550504 24.43969 9.890136 10.1508 24.31814 9.890136 24.43969 8.550504 23.49232 9.164644 25.3043 8.550504 23.49232 9.286194 25.04363 24.2437 10.42862 23.49232 8.550504 24.31814 10.1508 24.2437 10.42862 21.65064 12.5 23.49232 8.550504 25.58211 9.090204 25.3043 9.164644 23.49232 8.550504 25.58211 9.090204 23.49232 8.550504 24.62019 4.341205 9.090204 25.58211 8.550504 23.49232 9.164644 25.3043 9.090204 25.58211 4.341205 24.62019 8.550504 23.49232 10.42862 24.2437 10.1508 24.31814 8.550504 23.49232 10.42862 24.2437 8.550504 23.49232 12.5 21.65064 25.86863 9.065136 25.58211 9.090204 24.62019 4.341205 24.21863 10.71514 21.65064 12.5 24.2437 10.42862 10.71514 24.21863 10.42862 24.2437 12.5 21.65064 9.065136 25.86863 4.341205 24.62019 9.090204 25.58211 26.15515 9.090204 25.86863 9.065136 24.62019 4.341205 24.2437 11.00166 21.65064 12.5 24.21863 10.71514 11.00166 24.2437 10.71514 24.21863 12.5 21.65064 9.090204 26.15515 4.341205 24.62019 9.065136 25.86863 30.03664 5.296269 25 0 30.5 0 30.03664 5.296269 24.62019 4.341205 25 0 5.296269 30.03664 0 30.5 4.341205 24.62019 24.31814 11.27947 21.65064 12.5 24.2437 11.00166 26.43296 9.164644 26.15515 9.090204 24.62019 4.341205 26.43296 9.164644 24.62019 4.341205 30.03664 5.296269 9.164644 26.43296 5.296269 30.03664 4.341205 24.62019 9.164644 26.43296 4.341205 24.62019 9.090204 26.15515 11.27947 24.31814 11.00166 24.2437 12.5 21.65064 26.69363 9.286194 26.43296 9.164644 30.03664 5.296269 24.43969 11.54014 21.65064 12.5 24.31814 11.27947 11.54014 24.43969 11.27947 24.31814 12.5 21.65064 9.286194 26.69363 5.296269 30.03664 9.164644 26.43296 24.60466 11.77574 21.65064 12.5 24.43969 11.54014 26.92923 9.451163 26.69363 9.286194 30.03664 5.296269 9.451163 26.92923 5.296269 30.03664 9.286194 26.69363 11.77574 24.60466 11.54014 24.43969 12.5 21.65064 27.1326 9.654537 26.92923 9.451163 30.03664 5.296269 24.80803 11.97911 21.65064 12.5 24.60466 11.77574 9.654537 27.1326 5.296269 30.03664 9.451163 26.92923 11.97911 24.80803 11.77574 24.60466 12.5 21.65064 25.04363 12.14408 21.65064 12.5 24.80803 11.97911 12.14408 25.04363 11.97911 24.80803 12.5 21.65064 28.66063 10.43161 27.1326 9.654537 30.03664 5.296269 28.66063 10.43161 27.1326 11.77574 27.29757 11.54014 28.66063 10.43161 27.29757 11.54014 27.41912 11.27947 28.66063 10.43161 27.41912 11.27947 27.49356 11.00166 28.66063 10.43161 27.49356 11.00166 27.51863 10.71514 28.66063 10.43161 27.51863 10.71514 27.49356 10.42862 28.66063 10.43161 27.49356 10.42862 27.41912 10.1508 28.66063 10.43161 27.41912 10.1508 27.29757 9.890136 28.66063 10.43161 27.29757 9.890136 27.1326 9.654537 10.43161 28.66063 5.296269 30.03664 9.654537 27.1326 10.43161 28.66063 9.654537 27.1326 9.890136 27.29757 10.43161 28.66063 9.890136 27.29757 10.1508 27.41912 10.43161 28.66063 10.1508 27.41912 10.42862 27.49356 10.43161 28.66063 10.42862 27.49356 10.71514 27.51863 10.43161 28.66063 10.71514 27.51863 11.00166 27.49356 10.43161 28.66063 11.00166 27.49356 11.27947 27.41912 10.43161 28.66063 11.27947 27.41912 11.54014 27.29757 10.43161 28.66063 11.54014 27.29757 11.77574 27.1326 26.41378 15.25 25.04363 12.14408 25.3043 12.26563 26.41378 15.25 25.3043 12.26563 25.58211 12.34007 26.41378 15.25 25.58211 12.34007 25.86863 12.36514 26.41378 15.25 25.86863 12.36514 26.15515 12.34007 26.41378 15.25 26.15515 12.34007 26.43296 12.26563 26.41378 15.25 26.43296 12.26563 26.69363 12.14408 26.41378 15.25 26.69363 12.14408 26.92923 11.97911 26.41378 15.25 26.92923 11.97911 27.1326 11.77574 26.41378 15.25 21.65064 12.5 25.04363 12.14408 26.41378 15.25 27.1326 11.77574 28.66063 10.43161 15.25 26.41378 12.36514 25.86863 12.34007 25.58211 15.25 26.41378 12.34007 25.58211 12.26563 25.3043 15.25 26.41378 12.26563 25.3043 12.14408 25.04363 15.25 26.41378 12.5 21.65064 16.06969 19.15111 15.25 26.41378 10.43161 28.66063 11.77574 27.1326 15.25 26.41378 11.77574 27.1326 11.97911 26.92923 15.25 26.41378 11.97911 26.92923 12.14408 26.69363 15.25 26.41378 12.14408 26.69363 12.26563 26.43296 15.25 26.41378 12.26563 26.43296 12.34007 26.15515 15.25 26.41378 12.34007 26.15515 12.36514 25.86863 15.25 26.41378 12.14408 25.04363 12.5 21.65064 23.36436 19.60502 21.65064 12.5 26.41378 15.25 23.36436 19.60502 19.15111 16.06969 21.65064 12.5 19.60502 23.36436 15.25 26.41378 16.06969 19.15111 19.60502 23.36436 16.06969 19.15111 19.15111 16.06969 19.60502 23.36436 19.15111 16.06969 23.36436 19.60502 0 16.825 0 11.325 0.174533 11.325 0.174533 16.825 0.174533 11.325 0.349066 11.325 0.174533 16.825 0 16.825 0.174533 11.325 0.349066 16.825 0.349066 11.325 0.523599 11.325 0.349066 16.825 0.174533 16.825 0.349066 11.325 0.523599 16.825 0.523599 11.325 0.698132 11.325 0.523599 16.825 0.349066 16.825 0.523599 11.325 0.698132 16.825 0.698132 11.325 0.872665 11.325 0.698132 16.825 0.523599 16.825 0.698132 11.325 0.872665 16.825 0.872665 11.325 1.047198 11.325 0.872665 16.825 0.698132 16.825 0.872665 11.325 1.047198 16.825 0.872665 16.825 1.047198 11.325 1.047198 16.825 1.047198 11.325 1.22173 11.325 1.22173 16.825 1.047198 16.825 1.22173 11.325 1.22173 16.825 1.22173 11.325 1.396263 11.325 1.396263 16.825 1.22173 16.825 1.396263 11.325 1.396263 16.825 1.396263 11.325 1.570796 11.325 1.570796 16.825 1.570796 11.325 1.745329 11.325 1.570796 16.825 1.396263 16.825 1.570796 11.325 1.745329 16.825 1.745329 11.325 1.919862 11.325 1.745329 16.825 1.570796 16.825 1.745329 11.325 1.919862 16.825 1.919862 11.325 2.094395 11.325 1.919862 16.825 1.745329 16.825 1.919862 11.325 2.094395 16.825 1.919862 16.825 2.094395 11.325 2.268928 16.825 2.094395 11.325 2.268928 11.325 2.268928 16.825 2.268928 11.325 2.443461 11.325 2.268928 16.825 2.094395 16.825 2.094395 11.325 2.443461 16.825 2.443461 11.325 2.617994 11.325 2.443461 16.825 2.268928 16.825 2.443461 11.325 2.617994 16.825 2.617994 11.325 2.792527 11.325 2.617994 16.825 2.443461 16.825 2.617994 11.325 2.792527 16.825 2.617994 16.825 2.792527 11.325 2.96706 16.825 2.792527 11.325 2.96706 11.325 2.96706 16.825 2.96706 11.325 3.141593 11.325 2.96706 16.825 2.792527 16.825 2.792527 11.325 3.141593 16.825 3.141593 11.325 3.316126 11.325 3.141593 16.825 2.96706 16.825 3.141593 11.325 3.316126 16.825 3.141593 16.825 3.316126 11.325 3.490659 16.825 3.316126 11.325 3.490659 11.325 3.490659 16.825 3.490659 11.325 3.665191 11.325 3.490659 16.825 3.316126 16.825 3.316126 11.325 3.665191 16.825 3.490659 16.825 3.665191 11.325 3.839724 16.825 3.665191 11.325 3.839724 11.325 3.839724 16.825 3.839724 11.325 4.014257 11.325 3.839724 16.825 3.665191 16.825 3.665191 11.325 4.014257 16.825 4.014257 11.325 4.18879 11.325 4.014257 16.825 3.839724 16.825 4.014257 11.325 4.18879 16.825 4.014257 16.825 4.18879 11.325 4.363323 16.825 4.18879 11.325 4.363323 11.325 4.363323 16.825 4.363323 11.325 4.537856 11.325 4.363323 16.825 4.18879 16.825 4.18879 11.325 4.537856 16.825 4.537856 11.325 4.712389 11.325 4.537856 16.825 4.363323 16.825 4.537856 11.325 4.712389 16.825 4.712389 11.325 4.886922 11.325 4.712389 16.825 4.537856 16.825 4.712389 11.325 4.886922 16.825 4.712389 16.825 4.886922 11.325 5.061455 16.825 4.886922 11.325 5.061455 11.325 5.061455 16.825 4.886922 16.825 4.886922 11.325 5.235988 16.825 5.061455 11.325 5.235988 11.325 5.235988 16.825 5.061455 16.825 5.061455 11.325 5.410521 16.825 5.235988 11.325 5.410521 11.325 5.410521 16.825 5.410521 11.325 5.585053 11.325 5.410521 16.825 5.235988 16.825 5.235988 11.325 5.585053 16.825 5.410521 16.825 5.585053 11.325 5.759586 16.825 5.585053 16.825 5.585053 11.325 5.759586 16.825 5.585053 11.325 5.759586 11.325 5.934119 16.825 5.759586 16.825 5.759586 11.325 5.934119 16.825 5.759586 11.325 5.934119 11.325 5.934119 16.825 5.934119 11.325 6.108653 11.325 6.108653 16.825 5.934119 16.825 6.108653 11.325 6.283185 16.825 6.108653 16.825 6.108653 11.325 6.283185 16.825 6.108653 11.325 6.283185 11.325 0.174533 0 0.174533 -6 0 -6 0.174533 0 0 -6 0 0 0.349066 0 0.349066 -6 0.174533 -6 0.349066 0 0.174533 -6 0.174533 0 0.523599 0 0.698132 -6 0.523599 -6 0.523599 0 0.523599 -6 0.349066 -6 0.523599 0 0.349066 -6 0.349066 0 0.698132 0 0.698132 -6 0.523599 0 0.872665 0 0.872665 -6 0.698132 -6 0.872665 0 0.698132 -6 0.698132 0 1.047198 0 0.872665 -6 0.872665 0 1.047198 0 1.22173 -6 1.047198 -6 1.047198 0 1.047198 -6 0.872665 -6 1.22173 0 1.22173 -6 1.047198 0 1.396263 0 1.22173 -6 1.22173 0 1.396263 0 1.570796 -6 1.396263 -6 1.396263 0 1.396263 -6 1.22173 -6 1.570796 0 1.570796 -6 1.396263 0 1.745329 0 1.570796 -6 1.570796 0 1.745329 0 1.745329 -6 1.570796 -6 1.919862 0 1.745329 -6 1.745329 0 1.919862 0 1.919862 -6 1.745329 -6 2.094395 0 2.094395 -6 1.919862 -6 2.094395 0 1.919862 -6 1.919862 0 2.268928 0 2.443461 -6 2.268928 -6 2.268928 0 2.268928 -6 2.094395 -6 2.268928 0 2.094395 -6 2.094395 0 2.443461 0 2.443461 -6 2.268928 0 2.617994 0 2.617994 -6 2.443461 -6 2.617994 0 2.443461 -6 2.443461 0 2.792527 0 2.792527 -6 2.617994 -6 2.792527 0 2.617994 -6 2.617994 0 2.96706 0 2.96706 -6 2.792527 -6 2.96706 0 2.792527 -6 2.792527 0 3.141593 0 3.141593 -6 2.96706 -6 3.141593 0 2.96706 -6 2.96706 0 3.316126 0 3.316126 -6 3.141593 -6 3.316126 0 3.141593 -6 3.141593 0 3.490659 0 3.490659 -6 3.316126 -6 3.490659 0 3.316126 -6 3.316126 0 3.665191 0 3.665191 -6 3.490659 -6 3.665191 0 3.490659 -6 3.490659 0 3.839724 0 3.839724 -6 3.665191 -6 3.839724 0 3.665191 -6 3.665191 0 4.014257 0 4.18879 -6 4.014257 -6 4.014257 0 4.014257 -6 3.839724 -6 4.014257 0 3.839724 -6 3.839724 0 4.18879 0 4.363323 -6 4.18879 -6 4.18879 0 4.18879 -6 4.014257 0 4.363323 0 4.363323 -6 4.18879 0 4.537856 0 4.537856 -6 4.363323 -6 4.537856 0 4.363323 -6 4.363323 0 4.712389 0 4.712389 -6 4.537856 -6 4.712389 0 4.537856 -6 4.537856 0 4.886922 0 4.886922 -6 4.712389 -6 4.886922 0 4.712389 -6 4.712389 0 5.061455 0 5.061455 -6 4.886922 -6 5.061455 0 4.886922 -6 4.886922 0 5.235988 0 5.235988 -6 5.061455 -6 5.235988 0 5.061455 -6 5.061455 0 5.410521 0 5.235988 -6 5.235988 0 5.410521 0 5.410521 -6 5.235988 -6 5.585053 0 5.585053 -6 5.410521 -6 5.585053 0 5.410521 -6 5.410521 0 5.759586 0 5.759586 -6 5.585053 -6 5.759586 0 5.585053 -6 5.585053 0 5.934119 0 5.934119 -6 5.759586 -6 5.934119 0 5.759586 -6 5.759586 0 6.108653 0 6.283185 -6 6.108653 -6 6.108653 0 6.108653 -6 5.934119 -6 6.108653 0 5.934119 -6 5.934119 0 6.283185 0 6.283185 -6 6.108653 0 -1275.776 -27.1326 -1279.5 -26.84679 -1275.979 -26.92923 -1275.776 -27.1326 -1274.603 -29.13047 -1279.5 -26.84679 -1291.133 -11.77574 -1290.847 -15.5 -1293.13 -10.60262 -1290.929 -11.97911 -1290.847 -15.5 -1291.133 -11.77574 -1276.144 -26.69363 -1275.979 -26.92923 -1279.5 -26.84679 -1275.54 -27.29757 -1274.603 -29.13047 -1275.776 -27.1326 -1291.298 -11.54014 -1291.133 -11.77574 -1293.13 -10.60262 -1290.694 -12.14408 -1290.847 -15.5 -1290.929 -11.97911 -1276.266 -26.43296 -1276.144 -26.69363 -1279.5 -26.84679 -1275.279 -27.41912 -1274.603 -29.13047 -1275.54 -27.29757 -1291.419 -11.27947 -1291.298 -11.54014 -1293.13 -10.60262 -1290.433 -12.26563 -1290.847 -15.5 -1290.694 -12.14408 -1276.34 -26.15515 -1276.266 -26.43296 -1279.5 -26.84679 -1275.002 -27.49356 -1274.603 -29.13047 -1275.279 -27.41912 -1291.494 -11.00166 -1291.419 -11.27947 -1293.13 -10.60262 -1290.155 -12.34007 -1290.847 -15.5 -1290.433 -12.26563 -1274.715 -27.51863 -1274.603 -29.13047 -1275.002 -27.49356 -1276.365 -25.86863 -1276.34 -26.15515 -1279.5 -26.84679 -1289.869 -12.36514 -1290.847 -15.5 -1290.155 -12.34007 -1291.519 -10.71514 -1291.494 -11.00166 -1293.13 -10.60262 -1274.429 -27.49356 -1274.603 -29.13047 -1274.715 -27.51863 -1276.34 -25.58211 -1276.365 -25.86863 -1279.5 -26.84679 -1289.582 -12.34007 -1290.847 -15.5 -1289.869 -12.36514 -1291.494 -10.42862 -1291.519 -10.71514 -1293.13 -10.60262 -1276.266 -25.3043 -1276.34 -25.58211 -1279.5 -26.84679 -1274.151 -27.41912 -1274.603 -29.13047 -1274.429 -27.49356 -1291.419 -10.1508 -1291.494 -10.42862 -1293.13 -10.60262 -1289.304 -12.26563 -1290.847 -15.5 -1289.582 -12.34007 -1276.144 -25.04363 -1276.266 -25.3043 -1279.5 -26.84679 -1273.89 -27.29757 -1274.603 -29.13047 -1274.151 -27.41912 -1291.298 -9.890136 -1291.419 -10.1508 -1293.13 -10.60262 -1289.044 -12.14408 -1290.847 -15.5 -1289.304 -12.26563 -1273.655 -27.1326 -1274.603 -29.13047 -1273.89 -27.29757 -1291.133 -9.654537 -1291.298 -9.890136 -1293.13 -10.60262 -1269.383 -30.52904 -1274.603 -29.13047 -1273.655 -27.1326 -1269.383 -30.52904 -1273.451 -26.92923 -1273.286 -26.69363 -1269.383 -30.52904 -1273.655 -27.1326 -1273.451 -26.92923 -1294.529 -5.383093 -1290.929 -9.451163 -1291.133 -9.654537 -1294.529 -5.383093 -1290.694 -9.286194 -1290.929 -9.451163 -1294.529 -5.383093 -1291.133 -9.654537 -1293.13 -10.60262 -1273.165 -26.43296 -1269.383 -30.52904 -1273.286 -26.69363 -1290.433 -9.164644 -1290.694 -9.286194 -1294.529 -5.383093 -1283.151 -16.06969 -1287.747 -19.92642 -1290.847 -15.5 -1280.07 -19.15111 -1283.926 -23.74738 -1287.747 -19.92642 -1280.07 -19.15111 -1287.747 -19.92642 -1283.151 -16.06969 -1276.5 -21.65064 -1275.979 -24.80803 -1276.144 -25.04363 -1276.5 -21.65064 -1275.776 -24.60466 -1275.979 -24.80803 -1276.5 -21.65064 -1275.54 -24.43969 -1275.776 -24.60466 -1276.5 -21.65064 -1275.279 -24.31814 -1275.54 -24.43969 -1276.5 -21.65064 -1275.002 -24.2437 -1275.279 -24.31814 -1276.5 -21.65064 -1274.715 -24.21863 -1275.002 -24.2437 -1276.5 -21.65064 -1274.429 -24.2437 -1274.715 -24.21863 -1276.5 -21.65064 -1283.926 -23.74738 -1280.07 -19.15111 -1276.5 -21.65064 -1279.5 -26.84679 -1283.926 -23.74738 -1276.5 -21.65064 -1276.144 -25.04363 -1279.5 -26.84679 -1285.651 -12.5 -1288.244 -11.00166 -1288.219 -10.71514 -1285.651 -12.5 -1288.318 -11.27947 -1288.244 -11.00166 -1285.651 -12.5 -1288.44 -11.54014 -1288.318 -11.27947 -1285.651 -12.5 -1288.605 -11.77574 -1288.44 -11.54014 -1285.651 -12.5 -1288.808 -11.97911 -1288.605 -11.77574 -1285.651 -12.5 -1289.044 -12.14408 -1288.808 -11.97911 -1285.651 -12.5 -1288.219 -10.71514 -1288.244 -10.42862 -1285.651 -12.5 -1290.847 -15.5 -1289.044 -12.14408 -1285.651 -12.5 -1283.151 -16.06969 -1290.847 -15.5 -1272.551 -23.49232 -1274.151 -24.31814 -1274.429 -24.2437 -1272.551 -23.49232 -1273.89 -24.43969 -1274.151 -24.31814 -1272.551 -23.49232 -1273.655 -24.60466 -1273.89 -24.43969 -1272.551 -23.49232 -1273.451 -24.80803 -1273.655 -24.60466 -1272.551 -23.49232 -1273.286 -25.04363 -1273.451 -24.80803 -1272.551 -23.49232 -1273.165 -25.3043 -1273.286 -25.04363 -1272.551 -23.49232 -1273.09 -25.58211 -1273.165 -25.3043 -1272.551 -23.49232 -1274.429 -24.2437 -1276.5 -21.65064 -1287.492 -8.550504 -1289.304 -9.164644 -1289.582 -9.090204 -1287.492 -8.550504 -1289.044 -9.286194 -1289.304 -9.164644 -1287.492 -8.550504 -1288.808 -9.451163 -1289.044 -9.286194 -1287.492 -8.550504 -1288.605 -9.654537 -1288.808 -9.451163 -1287.492 -8.550504 -1288.44 -9.890136 -1288.605 -9.654537 -1287.492 -8.550504 -1288.318 -10.1508 -1288.44 -9.890136 -1287.492 -8.550504 -1288.244 -10.42862 -1288.318 -10.1508 -1287.492 -8.550504 -1285.651 -12.5 -1288.244 -10.42862 -1293.532 -1.285575 -1293.286 -1.532089 -1294.529 -5.383093 -1293 -1.732051 -1294.529 -5.383093 -1293.286 -1.532089 -1293.732 -1 -1294.529 -5.383093 -1295 0 -1293.732 -1 -1293.532 -1.285575 -1294.529 -5.383093 -1293.879 -0.68404 -1293.732 -1 -1295 0 -1292.684 -1.879385 -1294.529 -5.383093 -1293 -1.732051 -1293.97 -0.347296 -1293.879 -0.68404 -1295 0 -1292.347 -1.969615 -1294.529 -5.383093 -1292.684 -1.879385 -1292 -2 -1294.529 -5.383093 -1292.347 -1.969615 -1294 0 -1293.97 -0.347296 -1295 0 -1291.653 -1.969615 -1294.529 -5.383093 -1292 -2 -1293.97 0.347296 -1294 0 -1295 0 -1293.879 0.68404 -1293.97 0.347296 -1295 0 -1268.341 -24.62019 -1269.383 -30.52904 -1273.165 -26.43296 -1268.341 -24.62019 -1273.065 -25.86863 -1273.09 -25.58211 -1268.341 -24.62019 -1273.09 -26.15515 -1273.065 -25.86863 -1268.341 -24.62019 -1273.165 -26.43296 -1273.09 -26.15515 -1268.341 -24.62019 -1273.09 -25.58211 -1272.551 -23.49232 -1288.62 -4.341205 -1290.155 -9.090204 -1290.433 -9.164644 -1288.62 -4.341205 -1289.869 -9.065136 -1290.155 -9.090204 -1288.62 -4.341205 -1289.582 -9.090204 -1289.869 -9.065136 -1288.62 -4.341205 -1290.433 -9.164644 -1294.529 -5.383093 -1288.62 -4.341205 -1287.492 -8.550504 -1289.582 -9.090204 -1288.62 -4.341205 -1291.653 -1.969615 -1291.316 -1.879385 -1288.62 -4.341205 -1294.529 -5.383093 -1291.653 -1.969615 -1291 -1.732051 -1288.62 -4.341205 -1291.316 -1.879385 -1293.732 1 -1293.879 0.68404 -1295 0 -1290.714 -1.532089 -1288.62 -4.341205 -1291 -1.732051 -1290.468 -1.285575 -1288.62 -4.341205 -1290.714 -1.532089 -1290.268 -1 -1288.62 -4.341205 -1290.468 -1.285575 -1294.529 5.383093 -1293.732 1 -1295 0 -1294.529 5.383093 -1293.532 1.285575 -1293.732 1 -1294.529 5.383093 -1293.286 1.532089 -1293.532 1.285575 -1294.529 5.383093 -1293 1.732051 -1293.286 1.532089 -1294.529 5.383093 -1292.684 1.879385 -1293 1.732051 -1294.529 5.383093 -1292.347 1.969615 -1292.684 1.879385 -1294.529 5.383093 -1292 2 -1292.347 1.969615 -1294.529 5.383093 -1291.653 1.969615 -1292 2 -1264 -25 -1264 -31 -1269.383 -30.52904 -1264 -25 -1269.383 -30.52904 -1268.341 -24.62019 -1289 0 -1290.121 0.68404 -1290.268 1 -1289 0 -1290.03 0.347296 -1290.121 0.68404 -1289 0 -1290 0 -1290.03 0.347296 -1289 0 -1290.03 -0.347296 -1290 0 -1289 0 -1290.121 -0.68404 -1290.03 -0.347296 -1289 0 -1290.268 -1 -1290.121 -0.68404 -1289 0 -1288.62 -4.341205 -1290.268 -1 -1259.659 -24.62019 -1258.617 -30.52904 -1264 -31 -1259.659 -24.62019 -1264 -31 -1264 -25 -1288.62 4.341205 -1291.653 1.969615 -1294.529 5.383093 -1288.62 4.341205 -1289 0 -1290.268 1 -1288.62 4.341205 -1291.316 1.879385 -1291.653 1.969615 -1288.62 4.341205 -1291 1.732051 -1291.316 1.879385 -1288.62 4.341205 -1290.714 1.532089 -1291 1.732051 -1288.62 4.341205 -1290.468 1.285575 -1290.714 1.532089 -1288.62 4.341205 -1290.268 1 -1290.468 1.285575 -1254.345 -27.1326 -1253.397 -29.13047 -1258.617 -30.52904 -1254.345 -27.1326 -1258.617 -30.52904 -1254.549 -26.92923 -1291.133 9.654537 -1294.529 5.383093 -1293.13 10.60262 -1290.929 9.451163 -1294.529 5.383093 -1291.133 9.654537 -1254.714 -26.69363 -1254.549 -26.92923 -1258.617 -30.52904 -1254.11 -27.29757 -1253.397 -29.13047 -1254.345 -27.1326 -1291.298 9.890136 -1291.133 9.654537 -1293.13 10.60262 -1290.694 9.286194 -1294.529 5.383093 -1290.929 9.451163 -1254.835 -26.43296 -1258.617 -30.52904 -1259.659 -24.62019 -1254.835 -26.43296 -1254.714 -26.69363 -1258.617 -30.52904 -1253.849 -27.41912 -1253.397 -29.13047 -1254.11 -27.29757 -1291.419 10.1508 -1291.298 9.890136 -1293.13 10.60262 -1290.433 9.164644 -1288.62 4.341205 -1294.529 5.383093 -1290.433 9.164644 -1294.529 5.383093 -1290.694 9.286194 -1254.91 -26.15515 -1254.835 -26.43296 -1259.659 -24.62019 -1253.571 -27.49356 -1253.397 -29.13047 -1253.849 -27.41912 -1291.494 10.42862 -1291.419 10.1508 -1293.13 10.60262 -1290.155 9.090204 -1288.62 4.341205 -1290.433 9.164644 -1253.285 -27.51863 -1253.397 -29.13047 -1253.571 -27.49356 -1254.935 -25.86863 -1254.91 -26.15515 -1259.659 -24.62019 -1289.869 9.065136 -1288.62 4.341205 -1290.155 9.090204 -1291.519 10.71514 -1291.494 10.42862 -1293.13 10.60262 -1252.998 -27.49356 -1253.397 -29.13047 -1253.285 -27.51863 -1254.91 -25.58211 -1254.935 -25.86863 -1259.659 -24.62019 -1289.582 9.090204 -1288.62 4.341205 -1289.869 9.065136 -1291.494 11.00166 -1291.519 10.71514 -1293.13 10.60262 -1252.721 -27.41912 -1253.397 -29.13047 -1252.998 -27.49356 -1291.419 11.27947 -1291.494 11.00166 -1293.13 10.60262 -1252.46 -27.29757 -1253.397 -29.13047 -1252.721 -27.41912 -1291.298 11.54014 -1291.419 11.27947 -1293.13 10.60262 -1252.224 -27.1326 -1253.397 -29.13047 -1252.46 -27.29757 -1291.133 11.77574 -1291.298 11.54014 -1293.13 10.60262 -1255.449 -23.49232 -1254.91 -25.58211 -1259.659 -24.62019 -1255.449 -23.49232 -1254.835 -25.3043 -1254.91 -25.58211 -1255.449 -23.49232 -1254.714 -25.04363 -1254.835 -25.3043 -1255.449 -23.49232 -1254.549 -24.80803 -1254.714 -25.04363 -1255.449 -23.49232 -1254.345 -24.60466 -1254.549 -24.80803 -1287.492 8.550504 -1288.62 4.341205 -1289.582 9.090204 -1287.492 8.550504 -1288.808 9.451163 -1288.605 9.654537 -1287.492 8.550504 -1289.044 9.286194 -1288.808 9.451163 -1287.492 8.550504 -1289.304 9.164644 -1289.044 9.286194 -1287.492 8.550504 -1289.582 9.090204 -1289.304 9.164644 -1254.11 -24.43969 -1254.345 -24.60466 -1255.449 -23.49232 -1288.44 9.890136 -1287.492 8.550504 -1288.605 9.654537 -1253.849 -24.31814 -1254.11 -24.43969 -1255.449 -23.49232 -1288.318 10.1508 -1287.492 8.550504 -1288.44 9.890136 -1253.571 -24.2437 -1253.849 -24.31814 -1255.449 -23.49232 -1288.244 10.42862 -1287.492 8.550504 -1288.318 10.1508 -1248.5 -26.84679 -1251.66 -26.15515 -1251.635 -25.86863 -1248.5 -26.84679 -1251.734 -26.43296 -1251.66 -26.15515 -1248.5 -26.84679 -1251.856 -26.69363 -1251.734 -26.43296 -1248.5 -26.84679 -1252.021 -26.92923 -1251.856 -26.69363 -1248.5 -26.84679 -1252.224 -27.1326 -1252.021 -26.92923 -1248.5 -26.84679 -1251.734 -25.3043 -1251.856 -25.04363 -1248.5 -26.84679 -1251.66 -25.58211 -1251.734 -25.3043 -1248.5 -26.84679 -1253.397 -29.13047 -1252.224 -27.1326 -1248.5 -26.84679 -1251.635 -25.86863 -1251.66 -25.58211 -1290.847 15.5 -1289.304 12.26563 -1289.582 12.34007 -1290.847 15.5 -1289.044 12.14408 -1289.304 12.26563 -1290.847 15.5 -1291.133 11.77574 -1293.13 10.60262 -1290.847 15.5 -1290.929 11.97911 -1291.133 11.77574 -1290.847 15.5 -1290.694 12.14408 -1290.929 11.97911 -1290.847 15.5 -1290.433 12.26563 -1290.694 12.14408 -1290.847 15.5 -1290.155 12.34007 -1290.433 12.26563 -1290.847 15.5 -1289.869 12.36514 -1290.155 12.34007 -1290.847 15.5 -1289.582 12.34007 -1289.869 12.36514 -1251.5 -21.65064 -1248.5 -26.84679 -1251.856 -25.04363 -1251.5 -21.65064 -1253.571 -24.2437 -1255.449 -23.49232 -1251.5 -21.65064 -1253.285 -24.21863 -1253.571 -24.2437 -1251.5 -21.65064 -1252.998 -24.2437 -1253.285 -24.21863 -1251.5 -21.65064 -1252.721 -24.31814 -1252.998 -24.2437 -1251.5 -21.65064 -1252.46 -24.43969 -1252.721 -24.31814 -1251.5 -21.65064 -1252.224 -24.60466 -1252.46 -24.43969 -1251.5 -21.65064 -1252.021 -24.80803 -1252.224 -24.60466 -1251.5 -21.65064 -1251.856 -25.04363 -1252.021 -24.80803 -1285.651 12.5 -1288.808 11.97911 -1289.044 12.14408 -1285.651 12.5 -1288.605 11.77574 -1288.808 11.97911 -1285.651 12.5 -1288.44 11.54014 -1288.605 11.77574 -1285.651 12.5 -1288.318 11.27947 -1288.44 11.54014 -1285.651 12.5 -1288.244 11.00166 -1288.318 11.27947 -1285.651 12.5 -1288.219 10.71514 -1288.244 11.00166 -1285.651 12.5 -1287.492 8.550504 -1288.244 10.42862 -1285.651 12.5 -1289.044 12.14408 -1290.847 15.5 -1285.651 12.5 -1288.244 10.42862 -1288.219 10.71514 -1244.074 -23.74738 -1248.5 -26.84679 -1251.5 -21.65064 -1247.93 -19.15111 -1244.074 -23.74738 -1251.5 -21.65064 -1283.151 16.06969 -1290.847 15.5 -1287.747 19.92642 -1283.151 16.06969 -1285.651 12.5 -1290.847 15.5 -1280.07 19.15111 -1283.151 16.06969 -1287.747 19.92642 -1240.253 -19.92642 -1247.93 -19.15111 -1244.849 -16.06969 -1240.253 -19.92642 -1244.074 -23.74738 -1247.93 -19.15111 -1283.926 23.74738 -1280.07 19.15111 -1287.747 19.92642 -1276.5 21.65064 -1280.07 19.15111 -1283.926 23.74738 -1237.153 -15.5 -1240.253 -19.92642 -1244.849 -16.06969 -1237.153 -15.5 -1244.849 -16.06969 -1242.349 -12.5 -1279.5 26.84679 -1276.5 21.65064 -1283.926 23.74738 -1239.192 -11.97911 -1242.349 -12.5 -1239.395 -11.77574 -1275.776 24.60466 -1276.5 21.65064 -1275.979 24.80803 -1239.56 -11.54014 -1239.395 -11.77574 -1242.349 -12.5 -1238.956 -12.14408 -1237.153 -15.5 -1242.349 -12.5 -1238.956 -12.14408 -1242.349 -12.5 -1239.192 -11.97911 -1276.144 25.04363 -1275.979 24.80803 -1276.5 21.65064 -1276.144 25.04363 -1276.5 21.65064 -1279.5 26.84679 -1275.54 24.43969 -1276.5 21.65064 -1275.776 24.60466 -1239.682 -11.27947 -1239.56 -11.54014 -1242.349 -12.5 -1238.696 -12.26563 -1237.153 -15.5 -1238.956 -12.14408 -1276.266 25.3043 -1276.144 25.04363 -1279.5 26.84679 -1275.279 24.31814 -1276.5 21.65064 -1275.54 24.43969 -1239.756 -11.00166 -1239.682 -11.27947 -1242.349 -12.5 -1238.418 -12.34007 -1237.153 -15.5 -1238.696 -12.26563 -1276.34 25.58211 -1276.266 25.3043 -1279.5 26.84679 -1275.002 24.2437 -1276.5 21.65064 -1275.279 24.31814 -1238.131 -12.36514 -1237.153 -15.5 -1238.418 -12.34007 -1239.781 -10.71514 -1239.756 -11.00166 -1242.349 -12.5 -1274.715 24.21863 -1276.5 21.65064 -1275.002 24.2437 -1276.365 25.86863 -1276.34 25.58211 -1279.5 26.84679 -1237.845 -12.34007 -1237.153 -15.5 -1238.131 -12.36514 -1239.756 -10.42862 -1239.781 -10.71514 -1242.349 -12.5 -1274.429 24.2437 -1276.5 21.65064 -1274.715 24.21863 -1276.34 26.15515 -1276.365 25.86863 -1279.5 26.84679 -1237.567 -12.26563 -1237.153 -15.5 -1237.845 -12.34007 -1276.266 26.43296 -1276.34 26.15515 -1279.5 26.84679 -1237.306 -12.14408 -1237.153 -15.5 -1237.567 -12.26563 -1276.144 26.69363 -1276.266 26.43296 -1279.5 26.84679 -1240.508 -8.550504 -1239.682 -10.1508 -1239.756 -10.42862 -1240.508 -8.550504 -1239.56 -9.890136 -1239.682 -10.1508 -1240.508 -8.550504 -1239.756 -10.42862 -1242.349 -12.5 -1272.551 23.49232 -1274.151 24.31814 -1273.89 24.43969 -1272.551 23.49232 -1274.429 24.2437 -1274.151 24.31814 -1272.551 23.49232 -1276.5 21.65064 -1274.429 24.2437 -1237.071 -11.97911 -1237.153 -15.5 -1237.306 -12.14408 -1239.395 -9.654537 -1239.56 -9.890136 -1240.508 -8.550504 -1273.655 24.60466 -1272.551 23.49232 -1273.89 24.43969 -1275.979 26.92923 -1276.144 26.69363 -1279.5 26.84679 -1236.867 -11.77574 -1237.153 -15.5 -1237.071 -11.97911 -1239.192 -9.451163 -1239.395 -9.654537 -1240.508 -8.550504 -1273.451 24.80803 -1272.551 23.49232 -1273.655 24.60466 -1275.776 27.1326 -1275.979 26.92923 -1279.5 26.84679 -1238.956 -9.286194 -1239.192 -9.451163 -1240.508 -8.550504 -1273.286 25.04363 -1272.551 23.49232 -1273.451 24.80803 -1238.696 -9.164644 -1238.956 -9.286194 -1240.508 -8.550504 -1273.165 25.3043 -1272.551 23.49232 -1273.286 25.04363 -1238.418 -9.090204 -1238.696 -9.164644 -1240.508 -8.550504 -1273.09 25.58211 -1272.551 23.49232 -1273.165 25.3043 -1234.869 -10.60262 -1237.153 -15.5 -1236.867 -11.77574 -1234.869 -10.60262 -1236.506 -11.00166 -1236.481 -10.71514 -1234.869 -10.60262 -1236.581 -11.27947 -1236.506 -11.00166 -1234.869 -10.60262 -1236.702 -11.54014 -1236.581 -11.27947 -1234.869 -10.60262 -1236.867 -11.77574 -1236.702 -11.54014 -1234.869 -10.60262 -1236.702 -9.890136 -1236.867 -9.654537 -1234.869 -10.60262 -1236.581 -10.1508 -1236.702 -9.890136 -1234.869 -10.60262 -1236.506 -10.42862 -1236.581 -10.1508 -1234.869 -10.60262 -1236.481 -10.71514 -1236.506 -10.42862 -1274.603 29.13047 -1275.776 27.1326 -1279.5 26.84679 -1274.603 29.13047 -1275.54 27.29757 -1275.776 27.1326 -1274.603 29.13047 -1275.279 27.41912 -1275.54 27.29757 -1274.603 29.13047 -1275.002 27.49356 -1275.279 27.41912 -1274.603 29.13047 -1274.715 27.51863 -1275.002 27.49356 -1274.603 29.13047 -1274.429 27.49356 -1274.715 27.51863 -1274.603 29.13047 -1274.151 27.41912 -1274.429 27.49356 -1274.603 29.13047 -1273.89 27.29757 -1274.151 27.41912 -1274.603 29.13047 -1273.655 27.1326 -1273.89 27.29757 -1239.38 -4.341205 -1238.418 -9.090204 -1240.508 -8.550504 -1239.38 -4.341205 -1238.131 -9.065136 -1238.418 -9.090204 -1239.38 -4.341205 -1237.845 -9.090204 -1238.131 -9.065136 -1239.38 -4.341205 -1237.567 -9.164644 -1237.845 -9.090204 -1268.341 24.62019 -1273.09 25.58211 -1273.065 25.86863 -1268.341 24.62019 -1272.551 23.49232 -1273.09 25.58211 -1268.341 24.62019 -1273.09 26.15515 -1273.165 26.43296 -1268.341 24.62019 -1273.065 25.86863 -1273.09 26.15515 -1233.471 -5.383093 -1234.869 -10.60262 -1236.867 -9.654537 -1233.471 -5.383093 -1237.306 -9.286194 -1237.567 -9.164644 -1233.471 -5.383093 -1237.071 -9.451163 -1237.306 -9.286194 -1233.471 -5.383093 -1236.867 -9.654537 -1237.071 -9.451163 -1233.471 -5.383093 -1237.567 -9.164644 -1239.38 -4.341205 -1269.383 30.52904 -1273.451 26.92923 -1273.655 27.1326 -1269.383 30.52904 -1273.655 27.1326 -1274.603 29.13047 -1269.383 30.52904 -1273.286 26.69363 -1273.451 26.92923 -1269.383 30.52904 -1273.165 26.43296 -1273.286 26.69363 -1269.383 30.52904 -1268.341 24.62019 -1273.165 26.43296 -1269.383 30.52904 -1264 25 -1268.341 24.62019 -1233 0 -1239.38 -4.341205 -1239 0 -1233 0 -1233.471 -5.383093 -1239.38 -4.341205 -1233 0 -1239 0 -1239.38 4.341205 -1264 31 -1264 25 -1269.383 30.52904 -1239.192 9.451163 -1240.508 8.550504 -1239.395 9.654537 -1254.345 24.60466 -1255.449 23.49232 -1254.549 24.80803 -1239.56 9.890136 -1239.395 9.654537 -1240.508 8.550504 -1238.956 9.286194 -1240.508 8.550504 -1239.192 9.451163 -1254.714 25.04363 -1254.549 24.80803 -1255.449 23.49232 -1254.11 24.43969 -1255.449 23.49232 -1254.345 24.60466 -1239.682 10.1508 -1239.56 9.890136 -1240.508 8.550504 -1238.696 9.164644 -1240.508 8.550504 -1238.956 9.286194 -1254.835 25.3043 -1254.714 25.04363 -1255.449 23.49232 -1253.849 24.31814 -1255.449 23.49232 -1254.11 24.43969 -1239.756 10.42862 -1239.682 10.1508 -1240.508 8.550504 -1239.756 10.42862 -1240.508 8.550504 -1242.349 12.5 -1238.418 9.090204 -1240.508 8.550504 -1238.696 9.164644 -1238.418 9.090204 -1239.38 4.341205 -1240.508 8.550504 -1254.91 25.58211 -1254.835 25.3043 -1255.449 23.49232 -1254.91 25.58211 -1255.449 23.49232 -1259.659 24.62019 -1253.571 24.2437 -1255.449 23.49232 -1253.849 24.31814 -1253.571 24.2437 -1251.5 21.65064 -1255.449 23.49232 -1238.131 9.065136 -1239.38 4.341205 -1238.418 9.090204 -1239.781 10.71514 -1239.756 10.42862 -1242.349 12.5 -1253.285 24.21863 -1251.5 21.65064 -1253.571 24.2437 -1254.935 25.86863 -1254.91 25.58211 -1259.659 24.62019 -1237.845 9.090204 -1239.38 4.341205 -1238.131 9.065136 -1239.756 11.00166 -1239.781 10.71514 -1242.349 12.5 -1252.998 24.2437 -1251.5 21.65064 -1253.285 24.21863 -1254.91 26.15515 -1254.935 25.86863 -1259.659 24.62019 -1239.682 11.27947 -1239.756 11.00166 -1242.349 12.5 -1237.567 9.164644 -1239.38 4.341205 -1237.845 9.090204 -1254.835 26.43296 -1254.91 26.15515 -1259.659 24.62019 -1252.721 24.31814 -1251.5 21.65064 -1252.998 24.2437 -1233.471 5.383093 -1239.38 4.341205 -1237.567 9.164644 -1233.471 5.383093 -1233 0 -1239.38 4.341205 -1258.617 30.52904 -1264 25 -1264 31 -1258.617 30.52904 -1254.835 26.43296 -1259.659 24.62019 -1258.617 30.52904 -1259.659 24.62019 -1264 25 -1239.56 11.54014 -1239.682 11.27947 -1242.349 12.5 -1237.306 9.286194 -1233.471 5.383093 -1237.567 9.164644 -1254.714 26.69363 -1254.835 26.43296 -1258.617 30.52904 -1252.46 24.43969 -1251.5 21.65064 -1252.721 24.31814 -1237.071 9.451163 -1233.471 5.383093 -1237.306 9.286194 -1239.395 11.77574 -1239.56 11.54014 -1242.349 12.5 -1252.224 24.60466 -1251.5 21.65064 -1252.46 24.43969 -1254.549 26.92923 -1254.714 26.69363 -1258.617 30.52904 -1236.867 9.654537 -1233.471 5.383093 -1237.071 9.451163 -1239.192 11.97911 -1239.395 11.77574 -1242.349 12.5 -1252.021 24.80803 -1251.5 21.65064 -1252.224 24.60466 -1254.345 27.1326 -1254.549 26.92923 -1258.617 30.52904 -1238.956 12.14408 -1239.192 11.97911 -1242.349 12.5 -1251.856 25.04363 -1251.5 21.65064 -1252.021 24.80803 -1234.869 10.60262 -1233.471 5.383093 -1236.867 9.654537 -1234.869 10.60262 -1236.702 11.54014 -1236.867 11.77574 -1234.869 10.60262 -1236.581 11.27947 -1236.702 11.54014 -1234.869 10.60262 -1236.506 11.00166 -1236.581 11.27947 -1234.869 10.60262 -1236.481 10.71514 -1236.506 11.00166 -1234.869 10.60262 -1236.506 10.42862 -1236.481 10.71514 -1234.869 10.60262 -1236.581 10.1508 -1236.506 10.42862 -1234.869 10.60262 -1236.702 9.890136 -1236.581 10.1508 -1234.869 10.60262 -1236.867 9.654537 -1236.702 9.890136 -1253.397 29.13047 -1254.345 27.1326 -1258.617 30.52904 -1253.397 29.13047 -1254.11 27.29757 -1254.345 27.1326 -1253.397 29.13047 -1253.849 27.41912 -1254.11 27.29757 -1253.397 29.13047 -1253.571 27.49356 -1253.849 27.41912 -1253.397 29.13047 -1253.285 27.51863 -1253.571 27.49356 -1253.397 29.13047 -1252.998 27.49356 -1253.285 27.51863 -1253.397 29.13047 -1252.721 27.41912 -1252.998 27.49356 -1253.397 29.13047 -1252.46 27.29757 -1252.721 27.41912 -1253.397 29.13047 -1252.224 27.1326 -1252.46 27.29757 -1237.153 15.5 -1238.956 12.14408 -1242.349 12.5 -1237.153 15.5 -1238.696 12.26563 -1238.956 12.14408 -1237.153 15.5 -1238.418 12.34007 -1238.696 12.26563 -1237.153 15.5 -1238.131 12.36514 -1238.418 12.34007 -1237.153 15.5 -1237.845 12.34007 -1238.131 12.36514 -1237.153 15.5 -1237.567 12.26563 -1237.845 12.34007 -1237.153 15.5 -1237.306 12.14408 -1237.567 12.26563 -1237.153 15.5 -1237.071 11.97911 -1237.306 12.14408 -1237.153 15.5 -1236.867 11.77574 -1237.071 11.97911 -1237.153 15.5 -1234.869 10.60262 -1236.867 11.77574 -1248.5 26.84679 -1251.5 21.65064 -1251.856 25.04363 -1248.5 26.84679 -1251.66 25.58211 -1251.635 25.86863 -1248.5 26.84679 -1251.734 25.3043 -1251.66 25.58211 -1248.5 26.84679 -1251.856 25.04363 -1251.734 25.3043 -1248.5 26.84679 -1252.224 27.1326 -1253.397 29.13047 -1248.5 26.84679 -1252.021 26.92923 -1252.224 27.1326 -1248.5 26.84679 -1251.856 26.69363 -1252.021 26.92923 -1248.5 26.84679 -1251.734 26.43296 -1251.856 26.69363 -1248.5 26.84679 -1251.66 26.15515 -1251.734 26.43296 -1248.5 26.84679 -1251.635 25.86863 -1251.66 26.15515 -1240.253 19.92642 -1237.153 15.5 -1242.349 12.5 -1240.253 19.92642 -1244.849 16.06969 -1247.93 19.15111 -1240.253 19.92642 -1242.349 12.5 -1244.849 16.06969 -1244.074 23.74738 -1240.253 19.92642 -1247.93 19.15111 -1244.074 23.74738 -1247.93 19.15111 -1251.5 21.65064 -1244.074 23.74738 -1251.5 21.65064 -1248.5 26.84679 0.174533 13.64099 0.174533 7.640991 0 7.640991 0.174533 13.64099 0 7.640991 0 13.64099 0.349066 13.64099 0.523599 7.640991 0.349066 7.640991 0.349066 13.64099 0.349066 7.640991 0.174533 7.640991 0.349066 13.64099 0.174533 7.640991 0.174533 13.64099 0.523599 13.64099 0.523599 7.640991 0.349066 13.64099 0.698132 13.64099 0.872665 7.640991 0.698132 7.640991 0.698132 13.64099 0.698132 7.640991 0.523599 7.640991 0.698132 13.64099 0.523599 7.640991 0.523599 13.64099 0.872665 13.64099 0.872665 7.640991 0.698132 13.64099 1.047198 13.64099 0.872665 7.640991 0.872665 13.64099 1.047198 13.64099 1.047198 7.640991 0.872665 7.640991 1.22173 13.64099 1.047198 7.640991 1.047198 13.64099 1.22173 13.64099 1.22173 7.640991 1.047198 7.640991 1.396263 13.64099 1.22173 7.640991 1.22173 13.64099 1.396263 13.64099 1.396263 7.640991 1.22173 7.640991 1.570796 13.64099 1.396263 7.640991 1.396263 13.64099 1.570796 13.64099 1.570796 7.640991 1.396263 7.640991 1.745329 13.64099 1.570796 7.640991 1.570796 13.64099 1.745329 13.64099 1.745329 7.640991 1.570796 7.640991 1.919862 13.64099 1.745329 7.640991 1.745329 13.64099 1.919862 13.64099 1.919862 7.640991 1.745329 7.640991 2.094395 13.64099 2.094395 7.640991 1.919862 7.640991 2.094395 13.64099 1.919862 7.640991 1.919862 13.64099 2.268928 13.64099 2.268928 7.640991 2.094395 7.640991 2.268928 13.64099 2.094395 7.640991 2.094395 13.64099 2.443461 13.64099 2.268928 7.640991 2.268928 13.64099 2.443461 13.64099 2.443461 7.640991 2.268928 7.640991 2.617994 13.64099 2.617994 7.640991 2.443461 7.640991 2.617994 13.64099 2.443461 7.640991 2.443461 13.64099 2.792527 13.64099 2.792527 7.640991 2.617994 7.640991 2.792527 13.64099 2.617994 7.640991 2.617994 13.64099 2.96706 13.64099 2.96706 7.640991 2.792527 7.640991 2.96706 13.64099 2.792527 7.640991 2.792527 13.64099 3.141593 13.64099 3.141593 7.640991 2.96706 7.640991 3.141593 13.64099 2.96706 7.640991 2.96706 13.64099 3.316126 13.64099 3.316126 7.640991 3.141593 7.640991 3.316126 13.64099 3.141593 7.640991 3.141593 13.64099 3.490659 13.64099 3.490659 7.640991 3.316126 7.640991 3.490659 13.64099 3.316126 7.640991 3.316126 13.64099 3.665191 13.64099 3.665191 7.640991 3.490659 7.640991 3.665191 13.64099 3.490659 7.640991 3.490659 13.64099 3.839724 13.64099 3.839724 7.640991 3.665191 7.640991 3.839724 13.64099 3.665191 7.640991 3.665191 13.64099 4.014257 13.64099 4.014257 7.640991 3.839724 7.640991 4.014257 13.64099 3.839724 7.640991 3.839724 13.64099 4.18879 13.64099 4.18879 7.640991 4.014257 7.640991 4.18879 13.64099 4.014257 7.640991 4.014257 13.64099 4.363323 13.64099 4.363323 7.640991 4.18879 7.640991 4.363323 13.64099 4.18879 7.640991 4.18879 13.64099 4.537856 13.64099 4.537856 7.640991 4.363323 7.640991 4.537856 13.64099 4.363323 7.640991 4.363323 13.64099 4.712389 13.64099 4.712389 7.640991 4.537856 7.640991 4.712389 13.64099 4.537856 7.640991 4.537856 13.64099 4.886922 13.64099 4.886922 7.640991 4.712389 7.640991 4.886922 13.64099 4.712389 7.640991 4.712389 13.64099 5.061455 13.64099 5.235988 7.640991 5.061455 7.640991 5.061455 13.64099 5.061455 7.640991 4.886922 7.640991 5.061455 13.64099 4.886922 7.640991 4.886922 13.64099 5.235988 13.64099 5.235988 7.640991 5.061455 13.64099 5.410521 13.64099 5.235988 7.640991 5.235988 13.64099 5.410521 13.64099 5.410521 7.640991 5.235988 7.640991 5.585053 13.64099 5.585053 7.640991 5.410521 7.640991 5.585053 13.64099 5.410521 7.640991 5.410521 13.64099 5.759586 13.64099 5.585053 7.640991 5.585053 13.64099 5.759586 13.64099 5.934119 7.640991 5.759586 7.640991 5.759586 13.64099 5.759586 7.640991 5.585053 7.640991 5.934119 13.64099 5.934119 7.640991 5.759586 13.64099 6.108653 13.64099 6.108653 7.640991 5.934119 7.640991 6.108653 13.64099 5.934119 7.640991 5.934119 13.64099 6.283185 13.64099 6.283185 7.640991 6.108653 7.640991 6.283185 13.64099 6.108653 7.640991 6.108653 13.64099 0.174533 13.64099 0.174533 7.640991 0 7.640991 0.174533 13.64099 0 7.640991 0 13.64099 0.349066 13.64099 0.523599 7.640991 0.349066 7.640991 0.349066 13.64099 0.349066 7.640991 0.174533 7.640991 0.349066 13.64099 0.174533 7.640991 0.174533 13.64099 0.523599 13.64099 0.523599 7.640991 0.349066 13.64099 0.698132 13.64099 0.872665 7.640991 0.698132 7.640991 0.698132 13.64099 0.698132 7.640991 0.523599 7.640991 0.698132 13.64099 0.523599 7.640991 0.523599 13.64099 0.872665 13.64099 0.872665 7.640991 0.698132 13.64099 1.047198 13.64099 0.872665 7.640991 0.872665 13.64099 1.047198 13.64099 1.047198 7.640991 0.872665 7.640991 1.22173 13.64099 1.047198 7.640991 1.047198 13.64099 1.22173 13.64099 1.22173 7.640991 1.047198 7.640991 1.396263 13.64099 1.22173 7.640991 1.22173 13.64099 1.396263 13.64099 1.396263 7.640991 1.22173 7.640991 1.570796 13.64099 1.396263 7.640991 1.396263 13.64099 1.570796 13.64099 1.570796 7.640991 1.396263 7.640991 1.745329 13.64099 1.570796 7.640991 1.570796 13.64099 1.745329 13.64099 1.745329 7.640991 1.570796 7.640991 1.919862 13.64099 1.745329 7.640991 1.745329 13.64099 1.919862 13.64099 1.919862 7.640991 1.745329 7.640991 2.094395 13.64099 2.094395 7.640991 1.919862 7.640991 2.094395 13.64099 1.919862 7.640991 1.919862 13.64099 2.268928 13.64099 2.268928 7.640991 2.094395 7.640991 2.268928 13.64099 2.094395 7.640991 2.094395 13.64099 2.443461 13.64099 2.268928 7.640991 2.268928 13.64099 2.443461 13.64099 2.443461 7.640991 2.268928 7.640991 2.617994 13.64099 2.617994 7.640991 2.443461 7.640991 2.617994 13.64099 2.443461 7.640991 2.443461 13.64099 2.792527 13.64099 2.792527 7.640991 2.617994 7.640991 2.792527 13.64099 2.617994 7.640991 2.617994 13.64099 2.96706 13.64099 2.96706 7.640991 2.792527 7.640991 2.96706 13.64099 2.792527 7.640991 2.792527 13.64099 3.141593 13.64099 3.141593 7.640991 2.96706 7.640991 3.141593 13.64099 2.96706 7.640991 2.96706 13.64099 3.316126 13.64099 3.316126 7.640991 3.141593 7.640991 3.316126 13.64099 3.141593 7.640991 3.141593 13.64099 3.490659 13.64099 3.490659 7.640991 3.316126 7.640991 3.490659 13.64099 3.316126 7.640991 3.316126 13.64099 3.665191 13.64099 3.665191 7.640991 3.490659 7.640991 3.665191 13.64099 3.490659 7.640991 3.490659 13.64099 3.839724 13.64099 3.839724 7.640991 3.665191 7.640991 3.839724 13.64099 3.665191 7.640991 3.665191 13.64099 4.014257 13.64099 4.014257 7.640991 3.839724 7.640991 4.014257 13.64099 3.839724 7.640991 3.839724 13.64099 4.18879 13.64099 4.18879 7.640991 4.014257 7.640991 4.18879 13.64099 4.014257 7.640991 4.014257 13.64099 4.363323 13.64099 4.363323 7.640991 4.18879 7.640991 4.363323 13.64099 4.18879 7.640991 4.18879 13.64099 4.537856 13.64099 4.537856 7.640991 4.363323 7.640991 4.537856 13.64099 4.363323 7.640991 4.363323 13.64099 4.712389 13.64099 4.712389 7.640991 4.537856 7.640991 4.712389 13.64099 4.537856 7.640991 4.537856 13.64099 4.886922 13.64099 4.886922 7.640991 4.712389 7.640991 4.886922 13.64099 4.712389 7.640991 4.712389 13.64099 5.061455 13.64099 5.235988 7.640991 5.061455 7.640991 5.061455 13.64099 5.061455 7.640991 4.886922 7.640991 5.061455 13.64099 4.886922 7.640991 4.886922 13.64099 5.235988 13.64099 5.235988 7.640991 5.061455 13.64099 5.410521 13.64099 5.235988 7.640991 5.235988 13.64099 5.410521 13.64099 5.410521 7.640991 5.235988 7.640991 5.585053 13.64099 5.585053 7.640991 5.410521 7.640991 5.585053 13.64099 5.410521 7.640991 5.410521 13.64099 5.759586 13.64099 5.585053 7.640991 5.585053 13.64099 5.759586 13.64099 5.934119 7.640991 5.759586 7.640991 5.759586 13.64099 5.759586 7.640991 5.585053 7.640991 5.934119 13.64099 5.934119 7.640991 5.759586 13.64099 6.108653 13.64099 6.108653 7.640991 5.934119 7.640991 6.108653 13.64099 5.934119 7.640991 5.934119 13.64099 6.283185 13.64099 6.283185 7.640991 6.108653 7.640991 6.283185 13.64099 6.108653 7.640991 6.108653 13.64099 0.174533 13.64099 0.174533 7.640991 0 7.640991 0.174533 13.64099 0 7.640991 0 13.64099 0.349066 13.64099 0.523599 7.640991 0.349066 7.640991 0.349066 13.64099 0.349066 7.640991 0.174533 7.640991 0.349066 13.64099 0.174533 7.640991 0.174533 13.64099 0.523599 13.64099 0.523599 7.640991 0.349066 13.64099 0.698132 13.64099 0.872665 7.640991 0.698132 7.640991 0.698132 13.64099 0.698132 7.640991 0.523599 7.640991 0.698132 13.64099 0.523599 7.640991 0.523599 13.64099 0.872665 13.64099 0.872665 7.640991 0.698132 13.64099 1.047198 13.64099 0.872665 7.640991 0.872665 13.64099 1.047198 13.64099 1.047198 7.640991 0.872665 7.640991 1.22173 13.64099 1.047198 7.640991 1.047198 13.64099 1.22173 13.64099 1.22173 7.640991 1.047198 7.640991 1.396263 13.64099 1.22173 7.640991 1.22173 13.64099 1.396263 13.64099 1.396263 7.640991 1.22173 7.640991 1.570796 13.64099 1.396263 7.640991 1.396263 13.64099 1.570796 13.64099 1.570796 7.640991 1.396263 7.640991 1.745329 13.64099 1.570796 7.640991 1.570796 13.64099 1.745329 13.64099 1.745329 7.640991 1.570796 7.640991 1.919862 13.64099 1.745329 7.640991 1.745329 13.64099 1.919862 13.64099 1.919862 7.640991 1.745329 7.640991 2.094395 13.64099 2.094395 7.640991 1.919862 7.640991 2.094395 13.64099 1.919862 7.640991 1.919862 13.64099 2.268928 13.64099 2.268928 7.640991 2.094395 7.640991 2.268928 13.64099 2.094395 7.640991 2.094395 13.64099 2.443461 13.64099 2.268928 7.640991 2.268928 13.64099 2.443461 13.64099 2.443461 7.640991 2.268928 7.640991 2.617994 13.64099 2.617994 7.640991 2.443461 7.640991 2.617994 13.64099 2.443461 7.640991 2.443461 13.64099 2.792527 13.64099 2.792527 7.640991 2.617994 7.640991 2.792527 13.64099 2.617994 7.640991 2.617994 13.64099 2.96706 13.64099 2.96706 7.640991 2.792527 7.640991 2.96706 13.64099 2.792527 7.640991 2.792527 13.64099 3.141593 13.64099 3.141593 7.640991 2.96706 7.640991 3.141593 13.64099 2.96706 7.640991 2.96706 13.64099 3.316126 13.64099 3.316126 7.640991 3.141593 7.640991 3.316126 13.64099 3.141593 7.640991 3.141593 13.64099 3.490659 13.64099 3.490659 7.640991 3.316126 7.640991 3.490659 13.64099 3.316126 7.640991 3.316126 13.64099 3.665191 13.64099 3.665191 7.640991 3.490659 7.640991 3.665191 13.64099 3.490659 7.640991 3.490659 13.64099 3.839724 13.64099 3.839724 7.640991 3.665191 7.640991 3.839724 13.64099 3.665191 7.640991 3.665191 13.64099 4.014257 13.64099 4.014257 7.640991 3.839724 7.640991 4.014257 13.64099 3.839724 7.640991 3.839724 13.64099 4.18879 13.64099 4.18879 7.640991 4.014257 7.640991 4.18879 13.64099 4.014257 7.640991 4.014257 13.64099 4.363323 13.64099 4.363323 7.640991 4.18879 7.640991 4.363323 13.64099 4.18879 7.640991 4.18879 13.64099 4.537856 13.64099 4.537856 7.640991 4.363323 7.640991 4.537856 13.64099 4.363323 7.640991 4.363323 13.64099 4.712389 13.64099 4.712389 7.640991 4.537856 7.640991 4.712389 13.64099 4.537856 7.640991 4.537856 13.64099 4.886922 13.64099 4.886922 7.640991 4.712389 7.640991 4.886922 13.64099 4.712389 7.640991 4.712389 13.64099 5.061455 13.64099 5.235988 7.640991 5.061455 7.640991 5.061455 13.64099 5.061455 7.640991 4.886922 7.640991 5.061455 13.64099 4.886922 7.640991 4.886922 13.64099 5.235988 13.64099 5.235988 7.640991 5.061455 13.64099 5.410521 13.64099 5.235988 7.640991 5.235988 13.64099 5.410521 13.64099 5.410521 7.640991 5.235988 7.640991 5.585053 13.64099 5.585053 7.640991 5.410521 7.640991 5.585053 13.64099 5.410521 7.640991 5.410521 13.64099 5.759586 13.64099 5.585053 7.640991 5.585053 13.64099 5.759586 13.64099 5.934119 7.640991 5.759586 7.640991 5.759586 13.64099 5.759586 7.640991 5.585053 7.640991 5.934119 13.64099 5.934119 7.640991 5.759586 13.64099 6.108653 13.64099 6.108653 7.640991 5.934119 7.640991 6.108653 13.64099 5.934119 7.640991 5.934119 13.64099 6.283185 13.64099 6.283185 7.640991 6.108653 7.640991 6.283185 13.64099 6.108653 7.640991 6.108653 13.64099 0.174533 13.64099 0.174533 7.640991 0 7.640991 0.174533 13.64099 0 7.640991 0 13.64099 0.349066 13.64099 0.523599 7.640991 0.349066 7.640991 0.349066 13.64099 0.349066 7.640991 0.174533 7.640991 0.349066 13.64099 0.174533 7.640991 0.174533 13.64099 0.523599 13.64099 0.523599 7.640991 0.349066 13.64099 0.698132 13.64099 0.872665 7.640991 0.698132 7.640991 0.698132 13.64099 0.698132 7.640991 0.523599 7.640991 0.698132 13.64099 0.523599 7.640991 0.523599 13.64099 0.872665 13.64099 0.872665 7.640991 0.698132 13.64099 1.047198 13.64099 0.872665 7.640991 0.872665 13.64099 1.047198 13.64099 1.047198 7.640991 0.872665 7.640991 1.22173 13.64099 1.047198 7.640991 1.047198 13.64099 1.22173 13.64099 1.22173 7.640991 1.047198 7.640991 1.396263 13.64099 1.22173 7.640991 1.22173 13.64099 1.396263 13.64099 1.396263 7.640991 1.22173 7.640991 1.570796 13.64099 1.396263 7.640991 1.396263 13.64099 1.570796 13.64099 1.570796 7.640991 1.396263 7.640991 1.745329 13.64099 1.570796 7.640991 1.570796 13.64099 1.745329 13.64099 1.745329 7.640991 1.570796 7.640991 1.919862 13.64099 1.745329 7.640991 1.745329 13.64099 1.919862 13.64099 1.919862 7.640991 1.745329 7.640991 2.094395 13.64099 2.094395 7.640991 1.919862 7.640991 2.094395 13.64099 1.919862 7.640991 1.919862 13.64099 2.268928 13.64099 2.268928 7.640991 2.094395 7.640991 2.268928 13.64099 2.094395 7.640991 2.094395 13.64099 2.443461 13.64099 2.268928 7.640991 2.268928 13.64099 2.443461 13.64099 2.443461 7.640991 2.268928 7.640991 2.617994 13.64099 2.617994 7.640991 2.443461 7.640991 2.617994 13.64099 2.443461 7.640991 2.443461 13.64099 2.792527 13.64099 2.792527 7.640991 2.617994 7.640991 2.792527 13.64099 2.617994 7.640991 2.617994 13.64099 2.96706 13.64099 2.96706 7.640991 2.792527 7.640991 2.96706 13.64099 2.792527 7.640991 2.792527 13.64099 3.141593 13.64099 3.141593 7.640991 2.96706 7.640991 3.141593 13.64099 2.96706 7.640991 2.96706 13.64099 3.316126 13.64099 3.316126 7.640991 3.141593 7.640991 3.316126 13.64099 3.141593 7.640991 3.141593 13.64099 3.490659 13.64099 3.490659 7.640991 3.316126 7.640991 3.490659 13.64099 3.316126 7.640991 3.316126 13.64099 3.665191 13.64099 3.665191 7.640991 3.490659 7.640991 3.665191 13.64099 3.490659 7.640991 3.490659 13.64099 3.839724 13.64099 3.839724 7.640991 3.665191 7.640991 3.839724 13.64099 3.665191 7.640991 3.665191 13.64099 4.014257 13.64099 4.014257 7.640991 3.839724 7.640991 4.014257 13.64099 3.839724 7.640991 3.839724 13.64099 4.18879 13.64099 4.18879 7.640991 4.014257 7.640991 4.18879 13.64099 4.014257 7.640991 4.014257 13.64099 4.363323 13.64099 4.363323 7.640991 4.18879 7.640991 4.363323 13.64099 4.18879 7.640991 4.18879 13.64099 4.537856 13.64099 4.537856 7.640991 4.363323 7.640991 4.537856 13.64099 4.363323 7.640991 4.363323 13.64099 4.712389 13.64099 4.712389 7.640991 4.537856 7.640991 4.712389 13.64099 4.537856 7.640991 4.537856 13.64099 4.886922 13.64099 4.886922 7.640991 4.712389 7.640991 4.886922 13.64099 4.712389 7.640991 4.712389 13.64099 5.061455 13.64099 5.235988 7.640991 5.061455 7.640991 5.061455 13.64099 5.061455 7.640991 4.886922 7.640991 5.061455 13.64099 4.886922 7.640991 4.886922 13.64099 5.235988 13.64099 5.235988 7.640991 5.061455 13.64099 5.410521 13.64099 5.235988 7.640991 5.235988 13.64099 5.410521 13.64099 5.410521 7.640991 5.235988 7.640991 5.585053 13.64099 5.585053 7.640991 5.410521 7.640991 5.585053 13.64099 5.410521 7.640991 5.410521 13.64099 5.759586 13.64099 5.585053 7.640991 5.585053 13.64099 5.759586 13.64099 5.934119 7.640991 5.759586 7.640991 5.759586 13.64099 5.759586 7.640991 5.585053 7.640991 5.934119 13.64099 5.934119 7.640991 5.759586 13.64099 6.108653 13.64099 6.108653 7.640991 5.934119 7.640991 6.108653 13.64099 5.934119 7.640991 5.934119 13.64099 6.283185 13.64099 6.283185 7.640991 6.108653 7.640991 6.283185 13.64099 6.108653 7.640991 6.108653 13.64099 0.174533 13.64099 0.174533 7.640991 0 7.640991 0.174533 13.64099 0 7.640991 0 13.64099 0.349066 13.64099 0.523599 7.640991 0.349066 7.640991 0.349066 13.64099 0.349066 7.640991 0.174533 7.640991 0.349066 13.64099 0.174533 7.640991 0.174533 13.64099 0.523599 13.64099 0.523599 7.640991 0.349066 13.64099 0.698132 13.64099 0.872665 7.640991 0.698132 7.640991 0.698132 13.64099 0.698132 7.640991 0.523599 7.640991 0.698132 13.64099 0.523599 7.640991 0.523599 13.64099 0.872665 13.64099 0.872665 7.640991 0.698132 13.64099 1.047198 13.64099 0.872665 7.640991 0.872665 13.64099 1.047198 13.64099 1.047198 7.640991 0.872665 7.640991 1.22173 13.64099 1.047198 7.640991 1.047198 13.64099 1.22173 13.64099 1.22173 7.640991 1.047198 7.640991 1.396263 13.64099 1.22173 7.640991 1.22173 13.64099 1.396263 13.64099 1.396263 7.640991 1.22173 7.640991 1.570796 13.64099 1.396263 7.640991 1.396263 13.64099 1.570796 13.64099 1.570796 7.640991 1.396263 7.640991 1.745329 13.64099 1.570796 7.640991 1.570796 13.64099 1.745329 13.64099 1.745329 7.640991 1.570796 7.640991 1.919862 13.64099 1.745329 7.640991 1.745329 13.64099 1.919862 13.64099 1.919862 7.640991 1.745329 7.640991 2.094395 13.64099 2.094395 7.640991 1.919862 7.640991 2.094395 13.64099 1.919862 7.640991 1.919862 13.64099 2.268928 13.64099 2.268928 7.640991 2.094395 7.640991 2.268928 13.64099 2.094395 7.640991 2.094395 13.64099 2.443461 13.64099 2.268928 7.640991 2.268928 13.64099 2.443461 13.64099 2.443461 7.640991 2.268928 7.640991 2.617994 13.64099 2.617994 7.640991 2.443461 7.640991 2.617994 13.64099 2.443461 7.640991 2.443461 13.64099 2.792527 13.64099 2.792527 7.640991 2.617994 7.640991 2.792527 13.64099 2.617994 7.640991 2.617994 13.64099 2.96706 13.64099 2.96706 7.640991 2.792527 7.640991 2.96706 13.64099 2.792527 7.640991 2.792527 13.64099 3.141593 13.64099 3.141593 7.640991 2.96706 7.640991 3.141593 13.64099 2.96706 7.640991 2.96706 13.64099 3.316126 13.64099 3.316126 7.640991 3.141593 7.640991 3.316126 13.64099 3.141593 7.640991 3.141593 13.64099 3.490659 13.64099 3.490659 7.640991 3.316126 7.640991 3.490659 13.64099 3.316126 7.640991 3.316126 13.64099 3.665191 13.64099 3.665191 7.640991 3.490659 7.640991 3.665191 13.64099 3.490659 7.640991 3.490659 13.64099 3.839724 13.64099 3.839724 7.640991 3.665191 7.640991 3.839724 13.64099 3.665191 7.640991 3.665191 13.64099 4.014257 13.64099 4.014257 7.640991 3.839724 7.640991 4.014257 13.64099 3.839724 7.640991 3.839724 13.64099 4.18879 13.64099 4.18879 7.640991 4.014257 7.640991 4.18879 13.64099 4.014257 7.640991 4.014257 13.64099 4.363323 13.64099 4.363323 7.640991 4.18879 7.640991 4.363323 13.64099 4.18879 7.640991 4.18879 13.64099 4.537856 13.64099 4.537856 7.640991 4.363323 7.640991 4.537856 13.64099 4.363323 7.640991 4.363323 13.64099 4.712389 13.64099 4.712389 7.640991 4.537856 7.640991 4.712389 13.64099 4.537856 7.640991 4.537856 13.64099 4.886922 13.64099 4.886922 7.640991 4.712389 7.640991 4.886922 13.64099 4.712389 7.640991 4.712389 13.64099 5.061455 13.64099 5.235988 7.640991 5.061455 7.640991 5.061455 13.64099 5.061455 7.640991 4.886922 7.640991 5.061455 13.64099 4.886922 7.640991 4.886922 13.64099 5.235988 13.64099 5.235988 7.640991 5.061455 13.64099 5.410521 13.64099 5.235988 7.640991 5.235988 13.64099 5.410521 13.64099 5.410521 7.640991 5.235988 7.640991 5.585053 13.64099 5.585053 7.640991 5.410521 7.640991 5.585053 13.64099 5.410521 7.640991 5.410521 13.64099 5.759586 13.64099 5.585053 7.640991 5.585053 13.64099 5.759586 13.64099 5.934119 7.640991 5.759586 7.640991 5.759586 13.64099 5.759586 7.640991 5.585053 7.640991 5.934119 13.64099 5.934119 7.640991 5.759586 13.64099 6.108653 13.64099 6.108653 7.640991 5.934119 7.640991 6.108653 13.64099 5.934119 7.640991 5.934119 13.64099 6.283185 13.64099 6.283185 7.640991 6.108653 7.640991 6.283185 13.64099 6.108653 7.640991 6.108653 13.64099 0.174533 13.64099 0 7.640991 0 13.64099 0.174533 13.64099 0.174533 7.640991 0 7.640991 0.349066 13.64099 0.523599 7.640991 0.349066 7.640991 0.349066 13.64099 0.349066 7.640991 0.174533 7.640991 0.349066 13.64099 0.174533 7.640991 0.174533 13.64099 0.523599 13.64099 0.523599 7.640991 0.349066 13.64099 0.698132 13.64099 0.872665 7.640991 0.698132 7.640991 0.698132 13.64099 0.698132 7.640991 0.523599 7.640991 0.698132 13.64099 0.523599 7.640991 0.523599 13.64099 0.872665 13.64099 0.872665 7.640991 0.698132 13.64099 1.047198 13.64099 0.872665 7.640991 0.872665 13.64099 1.047198 13.64099 1.047198 7.640991 0.872665 7.640991 1.22173 13.64099 1.047198 7.640991 1.047198 13.64099 1.22173 13.64099 1.22173 7.640991 1.047198 7.640991 1.396263 13.64099 1.22173 7.640991 1.22173 13.64099 1.396263 13.64099 1.396263 7.640991 1.22173 7.640991 1.570796 13.64099 1.396263 7.640991 1.396263 13.64099 1.570796 13.64099 1.570796 7.640991 1.396263 7.640991 1.745329 13.64099 1.570796 7.640991 1.570796 13.64099 1.745329 13.64099 1.745329 7.640991 1.570796 7.640991 1.919862 13.64099 1.745329 7.640991 1.745329 13.64099 1.919862 13.64099 1.919862 7.640991 1.745329 7.640991 2.094395 13.64099 1.919862 7.640991 1.919862 13.64099 2.094395 13.64099 2.094395 7.640991 1.919862 7.640991 2.268928 13.64099 2.094395 7.640991 2.094395 13.64099 2.268928 13.64099 2.268928 7.640991 2.094395 7.640991 2.443461 13.64099 2.268928 7.640991 2.268928 13.64099 2.443461 13.64099 2.443461 7.640991 2.268928 7.640991 2.617994 13.64099 2.443461 7.640991 2.443461 13.64099 2.617994 13.64099 2.617994 7.640991 2.443461 7.640991 2.792527 13.64099 2.617994 7.640991 2.617994 13.64099 2.792527 13.64099 2.792527 7.640991 2.617994 7.640991 2.96706 13.64099 2.792527 7.640991 2.792527 13.64099 2.96706 13.64099 2.96706 7.640991 2.792527 7.640991 3.141593 13.64099 2.96706 7.640991 2.96706 13.64099 3.141593 13.64099 3.141593 7.640991 2.96706 7.640991 3.316126 13.64099 3.316126 7.640991 3.141593 7.640991 3.316126 13.64099 3.141593 7.640991 3.141593 13.64099 3.490659 13.64099 3.490659 7.640991 3.316126 7.640991 3.490659 13.64099 3.316126 7.640991 3.316126 13.64099 3.665191 13.64099 3.490659 7.640991 3.490659 13.64099 3.665191 13.64099 3.665191 7.640991 3.490659 7.640991 3.839724 13.64099 3.839724 7.640991 3.665191 7.640991 3.839724 13.64099 3.665191 7.640991 3.665191 13.64099 4.014257 13.64099 3.839724 7.640991 3.839724 13.64099 4.014257 13.64099 4.014257 7.640991 3.839724 7.640991 4.18879 13.64099 4.18879 7.640991 4.014257 7.640991 4.18879 13.64099 4.014257 7.640991 4.014257 13.64099 4.363323 13.64099 4.363323 7.640991 4.18879 7.640991 4.363323 13.64099 4.18879 7.640991 4.18879 13.64099 4.537856 13.64099 4.537856 7.640991 4.363323 7.640991 4.537856 13.64099 4.363323 7.640991 4.363323 13.64099 4.712389 13.64099 4.712389 7.640991 4.537856 7.640991 4.712389 13.64099 4.537856 7.640991 4.537856 13.64099 4.886922 13.64099 4.886922 7.640991 4.712389 7.640991 4.886922 13.64099 4.712389 7.640991 4.712389 13.64099 5.061455 13.64099 5.235988 7.640991 5.061455 7.640991 5.061455 13.64099 5.061455 7.640991 4.886922 7.640991 5.061455 13.64099 4.886922 7.640991 4.886922 13.64099 5.235988 13.64099 5.235988 7.640991 5.061455 13.64099 5.410521 13.64099 5.235988 7.640991 5.235988 13.64099 5.410521 13.64099 5.410521 7.640991 5.235988 7.640991 5.585053 13.64099 5.410521 7.640991 5.410521 13.64099 5.585053 13.64099 5.585053 7.640991 5.410521 7.640991 5.759586 13.64099 5.585053 7.640991 5.585053 13.64099 5.759586 13.64099 5.934119 7.640991 5.759586 7.640991 5.759586 13.64099 5.759586 7.640991 5.585053 7.640991 5.934119 13.64099 5.934119 7.640991 5.759586 13.64099 6.108653 13.64099 5.934119 7.640991 5.934119 13.64099 6.108653 13.64099 6.108653 7.640991 5.934119 7.640991 6.283185 13.64099 6.108653 7.640991 6.108653 13.64099 6.283185 13.64099 6.283185 7.640991 6.108653 7.640991 0.174533 13.64099 0 7.640991 0 13.64099 0.174533 13.64099 0.174533 7.640991 0 7.640991 0.349066 13.64099 0.523599 7.640991 0.349066 7.640991 0.349066 13.64099 0.349066 7.640991 0.174533 7.640991 0.349066 13.64099 0.174533 7.640991 0.174533 13.64099 0.523599 13.64099 0.523599 7.640991 0.349066 13.64099 0.698132 13.64099 0.872665 7.640991 0.698132 7.640991 0.698132 13.64099 0.698132 7.640991 0.523599 7.640991 0.698132 13.64099 0.523599 7.640991 0.523599 13.64099 0.872665 13.64099 0.872665 7.640991 0.698132 13.64099 1.047198 13.64099 0.872665 7.640991 0.872665 13.64099 1.047198 13.64099 1.047198 7.640991 0.872665 7.640991 1.22173 13.64099 1.047198 7.640991 1.047198 13.64099 1.22173 13.64099 1.22173 7.640991 1.047198 7.640991 1.396263 13.64099 1.22173 7.640991 1.22173 13.64099 1.396263 13.64099 1.396263 7.640991 1.22173 7.640991 1.570796 13.64099 1.396263 7.640991 1.396263 13.64099 1.570796 13.64099 1.570796 7.640991 1.396263 7.640991 1.745329 13.64099 1.570796 7.640991 1.570796 13.64099 1.745329 13.64099 1.745329 7.640991 1.570796 7.640991 1.919862 13.64099 1.745329 7.640991 1.745329 13.64099 1.919862 13.64099 1.919862 7.640991 1.745329 7.640991 2.094395 13.64099 1.919862 7.640991 1.919862 13.64099 2.094395 13.64099 2.094395 7.640991 1.919862 7.640991 2.268928 13.64099 2.094395 7.640991 2.094395 13.64099 2.268928 13.64099 2.268928 7.640991 2.094395 7.640991 2.443461 13.64099 2.268928 7.640991 2.268928 13.64099 2.443461 13.64099 2.443461 7.640991 2.268928 7.640991 2.617994 13.64099 2.443461 7.640991 2.443461 13.64099 2.617994 13.64099 2.617994 7.640991 2.443461 7.640991 2.792527 13.64099 2.617994 7.640991 2.617994 13.64099 2.792527 13.64099 2.792527 7.640991 2.617994 7.640991 2.96706 13.64099 2.792527 7.640991 2.792527 13.64099 2.96706 13.64099 2.96706 7.640991 2.792527 7.640991 3.141593 13.64099 2.96706 7.640991 2.96706 13.64099 3.141593 13.64099 3.141593 7.640991 2.96706 7.640991 3.316126 13.64099 3.316126 7.640991 3.141593 7.640991 3.316126 13.64099 3.141593 7.640991 3.141593 13.64099 3.490659 13.64099 3.490659 7.640991 3.316126 7.640991 3.490659 13.64099 3.316126 7.640991 3.316126 13.64099 3.665191 13.64099 3.490659 7.640991 3.490659 13.64099 3.665191 13.64099 3.665191 7.640991 3.490659 7.640991 3.839724 13.64099 3.839724 7.640991 3.665191 7.640991 3.839724 13.64099 3.665191 7.640991 3.665191 13.64099 4.014257 13.64099 3.839724 7.640991 3.839724 13.64099 4.014257 13.64099 4.014257 7.640991 3.839724 7.640991 4.18879 13.64099 4.18879 7.640991 4.014257 7.640991 4.18879 13.64099 4.014257 7.640991 4.014257 13.64099 4.363323 13.64099 4.363323 7.640991 4.18879 7.640991 4.363323 13.64099 4.18879 7.640991 4.18879 13.64099 4.537856 13.64099 4.537856 7.640991 4.363323 7.640991 4.537856 13.64099 4.363323 7.640991 4.363323 13.64099 4.712389 13.64099 4.712389 7.640991 4.537856 7.640991 4.712389 13.64099 4.537856 7.640991 4.537856 13.64099 4.886922 13.64099 4.886922 7.640991 4.712389 7.640991 4.886922 13.64099 4.712389 7.640991 4.712389 13.64099 5.061455 13.64099 5.235988 7.640991 5.061455 7.640991 5.061455 13.64099 5.061455 7.640991 4.886922 7.640991 5.061455 13.64099 4.886922 7.640991 4.886922 13.64099 5.235988 13.64099 5.235988 7.640991 5.061455 13.64099 5.410521 13.64099 5.235988 7.640991 5.235988 13.64099 5.410521 13.64099 5.410521 7.640991 5.235988 7.640991 5.585053 13.64099 5.410521 7.640991 5.410521 13.64099 5.585053 13.64099 5.585053 7.640991 5.410521 7.640991 5.759586 13.64099 5.585053 7.640991 5.585053 13.64099 5.759586 13.64099 5.934119 7.640991 5.759586 7.640991 5.759586 13.64099 5.759586 7.640991 5.585053 7.640991 5.934119 13.64099 5.934119 7.640991 5.759586 13.64099 6.108653 13.64099 5.934119 7.640991 5.934119 13.64099 6.108653 13.64099 6.108653 7.640991 5.934119 7.640991 6.283185 13.64099 6.108653 7.640991 6.108653 13.64099 6.283185 13.64099 6.283185 7.640991 6.108653 7.640991 0.174533 13.64099 0.174533 7.640991 0 7.640991 0.174533 13.64099 0 7.640991 0 13.64099 0.349066 13.64099 0.523599 7.640991 0.349066 7.640991 0.349066 13.64099 0.349066 7.640991 0.174533 7.640991 0.349066 13.64099 0.174533 7.640991 0.174533 13.64099 0.523599 13.64099 0.523599 7.640991 0.349066 13.64099 0.698132 13.64099 0.872665 7.640991 0.698132 7.640991 0.698132 13.64099 0.698132 7.640991 0.523599 7.640991 0.698132 13.64099 0.523599 7.640991 0.523599 13.64099 0.872665 13.64099 0.872665 7.640991 0.698132 13.64099 1.047198 13.64099 0.872665 7.640991 0.872665 13.64099 1.047198 13.64099 1.047198 7.640991 0.872665 7.640991 1.22173 13.64099 1.047198 7.640991 1.047198 13.64099 1.22173 13.64099 1.22173 7.640991 1.047198 7.640991 1.396263 13.64099 1.22173 7.640991 1.22173 13.64099 1.396263 13.64099 1.396263 7.640991 1.22173 7.640991 1.570796 13.64099 1.396263 7.640991 1.396263 13.64099 1.570796 13.64099 1.570796 7.640991 1.396263 7.640991 1.745329 13.64099 1.570796 7.640991 1.570796 13.64099 1.745329 13.64099 1.745329 7.640991 1.570796 7.640991 1.919862 13.64099 1.745329 7.640991 1.745329 13.64099 1.919862 13.64099 1.919862 7.640991 1.745329 7.640991 2.094395 13.64099 2.094395 7.640991 1.919862 7.640991 2.094395 13.64099 1.919862 7.640991 1.919862 13.64099 2.268928 13.64099 2.268928 7.640991 2.094395 7.640991 2.268928 13.64099 2.094395 7.640991 2.094395 13.64099 2.443461 13.64099 2.268928 7.640991 2.268928 13.64099 2.443461 13.64099 2.443461 7.640991 2.268928 7.640991 2.617994 13.64099 2.617994 7.640991 2.443461 7.640991 2.617994 13.64099 2.443461 7.640991 2.443461 13.64099 2.792527 13.64099 2.792527 7.640991 2.617994 7.640991 2.792527 13.64099 2.617994 7.640991 2.617994 13.64099 2.96706 13.64099 2.96706 7.640991 2.792527 7.640991 2.96706 13.64099 2.792527 7.640991 2.792527 13.64099 3.141593 13.64099 3.141593 7.640991 2.96706 7.640991 3.141593 13.64099 2.96706 7.640991 2.96706 13.64099 3.316126 13.64099 3.316126 7.640991 3.141593 7.640991 3.316126 13.64099 3.141593 7.640991 3.141593 13.64099 3.490659 13.64099 3.490659 7.640991 3.316126 7.640991 3.490659 13.64099 3.316126 7.640991 3.316126 13.64099 3.665191 13.64099 3.665191 7.640991 3.490659 7.640991 3.665191 13.64099 3.490659 7.640991 3.490659 13.64099 3.839724 13.64099 3.839724 7.640991 3.665191 7.640991 3.839724 13.64099 3.665191 7.640991 3.665191 13.64099 4.014257 13.64099 4.014257 7.640991 3.839724 7.640991 4.014257 13.64099 3.839724 7.640991 3.839724 13.64099 4.18879 13.64099 4.18879 7.640991 4.014257 7.640991 4.18879 13.64099 4.014257 7.640991 4.014257 13.64099 4.363323 13.64099 4.363323 7.640991 4.18879 7.640991 4.363323 13.64099 4.18879 7.640991 4.18879 13.64099 4.537856 13.64099 4.537856 7.640991 4.363323 7.640991 4.537856 13.64099 4.363323 7.640991 4.363323 13.64099 4.712389 13.64099 4.712389 7.640991 4.537856 7.640991 4.712389 13.64099 4.537856 7.640991 4.537856 13.64099 4.886922 13.64099 4.886922 7.640991 4.712389 7.640991 4.886922 13.64099 4.712389 7.640991 4.712389 13.64099 5.061455 13.64099 5.235988 7.640991 5.061455 7.640991 5.061455 13.64099 5.061455 7.640991 4.886922 7.640991 5.061455 13.64099 4.886922 7.640991 4.886922 13.64099 5.235988 13.64099 5.235988 7.640991 5.061455 13.64099 5.410521 13.64099 5.235988 7.640991 5.235988 13.64099 5.410521 13.64099 5.410521 7.640991 5.235988 7.640991 5.585053 13.64099 5.585053 7.640991 5.410521 7.640991 5.585053 13.64099 5.410521 7.640991 5.410521 13.64099 5.759586 13.64099 5.585053 7.640991 5.585053 13.64099 5.759586 13.64099 5.934119 7.640991 5.759586 7.640991 5.759586 13.64099 5.759586 7.640991 5.585053 7.640991 5.934119 13.64099 5.934119 7.640991 5.759586 13.64099 6.108653 13.64099 6.108653 7.640991 5.934119 7.640991 6.108653 13.64099 5.934119 7.640991 5.934119 13.64099 6.283185 13.64099 6.283185 7.640991 6.108653 7.640991 6.283185 13.64099 6.108653 7.640991 6.108653 13.64099 0.174533 6 0.174533 0 0 0 0.174533 6 0 0 0 6 0.349066 6 0.349066 0 0.174533 0 0.349066 6 0.174533 0 0.174533 6 0.523599 6 0.523599 0 0.349066 0 0.523599 6 0.349066 0 0.349066 6 0.698132 6 0.698132 0 0.523599 0 0.698132 6 0.523599 0 0.523599 6 0.872665 6 0.872665 0 0.698132 0 0.872665 6 0.698132 0 0.698132 6 1.047198 6 1.047198 0 0.872665 0 1.047198 6 0.872665 0 0.872665 6 1.22173 6 1.047198 0 1.047198 6 1.22173 6 1.22173 0 1.047198 0 1.396263 6 1.396263 0 1.22173 0 1.396263 6 1.22173 0 1.22173 6 1.570796 6 1.570796 0 1.396263 0 1.570796 6 1.396263 0 1.396263 6 1.745329 6 1.745329 0 1.570796 0 1.745329 6 1.570796 0 1.570796 6 1.919862 6 1.919862 0 1.745329 0 1.919862 6 1.745329 0 1.745329 6 2.094395 6 2.094395 0 1.919862 0 2.094395 6 1.919862 0 1.919862 6 2.268928 6 2.268928 0 2.094395 0 2.268928 6 2.094395 0 2.094395 6 2.443461 6 2.443461 0 2.268928 0 2.443461 6 2.268928 0 2.268928 6 2.617994 6 2.617994 0 2.443461 0 2.617994 6 2.443461 0 2.443461 6 2.792527 6 2.792527 0 2.617994 0 2.792527 6 2.96706 0 2.792527 0 2.792527 6 2.617994 0 2.617994 6 2.96706 6 2.96706 0 2.792527 6 3.141593 6 3.141593 0 2.96706 0 3.141593 6 2.96706 0 2.96706 6 3.316126 6 3.316126 0 3.141593 0 3.316126 6 3.141593 0 3.141593 6 3.490659 6 3.490659 0 3.316126 0 3.490659 6 3.316126 0 3.316126 6 3.665191 6 3.665191 0 3.490659 0 3.665191 6 3.490659 0 3.490659 6 3.839724 6 3.839724 0 3.665191 0 3.839724 6 3.665191 0 3.665191 6 4.014257 6 4.014257 0 3.839724 0 4.014257 6 3.839724 0 3.839724 6 4.18879 6 4.18879 0 4.014257 0 4.18879 6 4.014257 0 4.014257 6 4.363323 6 4.363323 0 4.18879 0 4.363323 6 4.18879 0 4.18879 6 4.537856 6 4.537856 0 4.363323 0 4.537856 6 4.363323 0 4.363323 6 4.712389 6 4.712389 0 4.537856 0 4.712389 6 4.537856 0 4.537856 6 4.886922 6 4.886922 0 4.712389 0 4.886922 6 4.712389 0 4.712389 6 5.061455 6 5.061455 0 4.886922 0 5.061455 6 4.886922 0 4.886922 6 5.235988 6 5.235988 0 5.061455 0 5.235988 6 5.061455 0 5.061455 6 5.410521 6 5.235988 0 5.235988 6 5.410521 6 5.410521 0 5.235988 0 5.585053 6 5.410521 0 5.410521 6 5.585053 6 5.585053 0 5.410521 0 5.759586 6 5.585053 0 5.585053 6 5.759586 6 5.759586 0 5.585053 0 5.934119 6 5.759586 0 5.759586 6 5.934119 6 5.934119 0 5.759586 0 6.108653 6 5.934119 0 5.934119 6 6.108653 6 6.108653 0 5.934119 0 6.108653 6 6.283185 0 6.108653 0 6.283185 6 6.283185 0 6.108653 6</float_array>
          <technique_common>
            <accessor source="#GP12_T-mesh-map-0-array" count="5076" stride="2">
              <param name="S" type="float"/>
              <param name="T" type="float"/>
            </accessor>
          </technique_common>
        </source>
        <vertices id="GP12_T-mesh-vertices">
          <input semantic="POSITION" source="#GP12_T-mesh-positions"/>
        </vertices>
        <triangles material="white-material" count="1692">
          <input semantic="VERTEX" source="#GP12_T-mesh-vertices" offset="0"/>
          <input semantic="NORMAL" source="#GP12_T-mesh-normals" offset="1"/>
          <input semantic="TEXCOORD" source="#GP12_T-mesh-map-0" offset="2" set="0"/>
          <p>57 0 0 36 1 1 35 2 2 57 3 3 56 4 4 36 5 5 58 6 6 35 7 7 34 8 8 58 9 9 57 10 10 35 11 11 59 12 12 34 13 13 33 14 14 59 15 15 58 16 16 34 17 17 60 18 18 33 19 19 32 20 20 60 21 21 59 22 22 33 23 23 61 24 24 32 25 25 31 26 26 61 27 27 60 28 28 32 29 29 62 30 30 31 31 31 30 32 32 62 33 33 61 34 34 31 35 35 63 36 36 62 37 37 30 38 38 63 39 39 30 40 40 29 41 41 64 42 42 63 43 43 29 44 44 64 45 45 29 46 46 28 47 47 65 48 48 64 49 49 28 50 50 65 51 51 28 52 52 27 53 53 66 54 54 65 55 55 27 56 56 66 57 57 27 58 58 26 59 59 67 60 60 66 61 61 26 62 62 67 63 63 26 64 64 25 65 65 68 66 66 67 67 67 25 68 68 68 69 69 25 70 70 24 71 71 69 72 72 24 73 73 23 74 74 69 75 75 68 76 76 24 77 77 70 78 78 23 79 79 22 80 80 70 81 81 69 82 82 23 83 83 71 84 84 22 85 85 21 86 86 71 87 87 70 88 88 22 89 89 72 90 90 21 91 91 20 92 92 72 93 93 71 94 94 21 95 95 73 96 96 20 97 97 19 98 98 73 99 99 72 100 100 20 101 101 38 102 102 19 103 103 18 104 104 38 105 105 73 106 106 19 107 107 39 108 108 18 109 109 17 110 110 39 111 111 38 112 112 18 113 113 16 114 114 39 115 115 17 116 116 40 117 117 39 118 118 16 119 119 41 120 120 16 121 121 15 122 122 41 123 123 40 124 124 16 125 125 42 126 126 15 127 127 14 128 128 42 129 129 41 130 130 15 131 131 43 132 132 14 133 133 13 134 134 43 135 135 42 136 136 14 137 137 12 138 138 43 139 139 13 140 140 44 141 141 43 142 142 12 143 143 45 144 144 12 145 145 11 146 146 45 147 147 44 148 148 12 149 149 46 150 150 11 151 151 10 152 152 46 153 153 45 154 154 11 155 155 47 156 156 10 157 157 9 158 158 47 159 159 46 160 160 10 161 161 48 162 162 9 163 163 8 164 164 48 165 165 47 166 166 9 167 167 49 168 168 8 169 169 7 170 170 49 171 171 48 172 172 8 173 173 50 174 174 7 175 175 6 176 176 50 177 177 49 178 178 7 179 179 51 180 180 6 181 181 5 182 182 51 183 183 50 184 184 6 185 185 4 186 186 51 187 187 5 188 188 52 189 189 51 190 190 4 191 191 53 192 192 4 193 193 3 194 194 53 195 195 52 196 196 4 197 197 54 198 198 3 199 199 2 200 200 54 201 201 53 202 202 3 203 203 55 204 204 2 205 205 1 206 206 55 207 207 54 208 208 2 209 209 37 210 210 1 211 211 0 212 212 37 213 213 55 214 214 1 215 215 375 216 216 80 216 217 81 216 218 376 217 219 80 218 220 375 219 221 412 216 222 76 216 223 77 216 224 412 216 225 77 216 226 411 216 227 377 216 228 80 216 229 376 216 230 374 216 231 375 216 232 81 216 233 410 216 234 411 216 235 77 216 236 413 216 237 76 216 238 412 216 239 373 216 240 374 216 241 81 216 242 378 216 243 80 216 244 377 216 245 414 216 246 76 216 247 413 216 248 409 216 249 410 216 250 77 216 251 379 216 252 80 216 253 378 216 254 372 216 255 373 216 256 81 216 257 415 216 258 76 216 259 414 216 260 408 216 261 409 216 262 77 216 263 380 220 264 80 221 265 379 222 266 371 216 267 372 216 268 81 216 269 407 216 270 408 216 271 77 216 272 416 216 273 76 216 274 415 216 275 381 216 276 80 216 277 380 216 278 370 216 279 371 216 280 81 216 281 417 216 282 76 216 283 416 216 284 406 216 285 407 216 286 77 216 287 382 216 288 80 216 289 381 216 290 369 216 291 370 216 292 81 216 293 418 216 294 76 216 295 417 216 296 405 216 297 406 216 298 77 216 299 383 216 300 80 216 301 382 216 302 368 216 303 369 216 304 81 216 305 419 216 306 76 216 307 418 216 308 404 216 309 405 216 310 77 216 311 367 216 312 368 216 313 81 216 314 420 216 315 76 216 316 419 216 317 75 216 318 420 216 319 421 216 320 75 216 321 421 216 322 422 216 323 75 223 324 422 223 325 423 223 326 75 216 327 76 216 328 420 216 329 82 224 330 367 224 331 81 224 332 82 216 333 364 216 334 365 216 335 82 225 336 365 225 337 366 225 338 82 226 339 366 226 340 367 226 341 124 227 342 78 227 343 79 227 344 123 216 345 79 216 346 80 216 347 123 228 348 124 228 349 79 228 350 125 216 351 77 216 352 78 216 353 125 229 354 398 230 355 399 231 356 125 216 357 399 216 358 400 216 359 125 216 360 400 216 361 401 216 362 125 232 363 401 233 364 402 234 365 125 235 366 402 236 367 403 237 368 125 238 369 403 239 370 404 240 371 125 241 372 404 241 373 77 241 374 125 242 375 433 243 376 398 244 377 125 216 378 78 216 379 124 216 380 122 216 381 383 216 382 384 216 383 122 216 384 384 216 385 385 216 386 122 216 387 385 216 388 386 216 389 122 216 390 386 216 391 387 216 392 122 216 393 387 216 394 388 216 395 122 216 396 388 216 397 389 216 398 122 216 399 389 216 400 390 216 401 122 216 402 80 216 403 383 216 404 122 245 405 123 245 406 80 245 407 126 216 408 426 216 409 427 216 410 126 216 411 427 216 412 428 216 413 126 216 414 428 216 415 429 216 416 126 216 417 429 216 418 430 216 419 126 216 420 430 216 421 431 216 422 126 216 423 431 216 424 432 216 425 126 216 426 432 216 427 433 216 428 126 216 429 433 216 430 125 216 431 121 216 432 390 216 433 391 216 434 121 216 435 391 216 436 392 216 437 121 216 438 392 216 439 393 216 440 121 216 441 393 216 442 394 216 443 121 216 444 394 216 445 395 216 446 121 216 447 395 216 448 396 216 449 121 216 450 396 216 451 397 216 452 121 216 453 122 216 454 390 216 455 466 216 456 75 216 457 465 216 458 467 216 459 75 216 460 466 216 461 464 216 462 465 216 463 75 216 464 463 216 465 464 216 466 75 216 467 74 216 468 75 216 469 467 216 470 74 216 471 467 216 472 468 216 473 469 216 474 74 216 475 468 216 476 462 216 477 463 216 478 75 216 479 434 216 480 74 216 481 469 216 482 461 216 483 462 216 484 75 216 485 435 216 486 74 216 487 434 216 488 460 246 489 461 246 490 75 246 491 436 216 492 74 216 493 435 216 494 127 216 495 423 216 496 424 216 497 127 216 498 424 216 499 425 216 500 127 216 501 425 216 502 426 216 503 127 216 504 426 216 505 126 216 506 127 247 507 460 247 508 75 247 509 127 248 510 75 248 511 423 248 512 127 249 513 459 249 514 460 249 515 120 250 516 121 250 517 397 250 518 120 251 519 397 251 520 362 251 521 120 252 522 364 252 523 82 252 524 120 253 525 362 253 526 363 253 527 120 254 528 363 255 529 364 256 530 437 216 531 74 216 532 436 216 533 458 216 534 459 216 535 127 216 536 457 216 537 458 216 538 127 216 539 456 216 540 457 216 541 127 216 542 455 216 543 456 216 544 127 216 545 128 216 546 449 216 547 450 216 548 128 216 549 450 216 550 451 216 551 128 216 552 451 216 553 452 216 554 128 216 555 452 216 556 453 216 557 128 216 558 453 216 559 454 216 560 128 216 561 454 216 562 455 216 563 128 216 564 455 216 565 127 216 566 119 216 567 82 216 568 83 216 569 119 216 570 120 216 571 82 216 572 109 216 573 74 216 574 437 216 575 109 216 576 437 216 577 438 216 578 109 216 579 438 216 580 439 216 581 109 216 582 439 216 583 440 216 584 109 216 585 440 216 586 441 216 587 109 216 588 441 216 589 442 216 590 109 216 591 442 216 592 443 216 593 109 257 594 443 257 595 444 257 596 129 216 597 449 216 598 128 216 599 129 258 600 109 258 601 444 258 602 129 259 603 444 259 604 445 259 605 129 216 606 445 216 607 446 216 608 129 260 609 446 260 610 447 260 611 129 216 612 447 216 613 448 216 614 129 216 615 448 216 616 449 216 617 118 216 618 83 216 619 84 216 620 118 216 621 119 216 622 83 216 623 339 261 624 84 261 625 85 261 626 340 262 627 84 263 628 339 264 629 160 216 630 108 216 631 109 216 632 159 216 633 160 216 634 109 216 635 341 216 636 84 216 637 340 216 638 338 216 639 339 216 640 85 216 641 161 216 642 108 216 643 160 216 644 158 216 645 159 216 646 109 216 647 337 216 648 338 216 649 85 216 650 342 252 651 118 252 652 84 252 653 342 216 654 84 216 655 341 216 656 162 216 657 108 216 658 161 216 659 157 265 660 109 265 661 129 265 662 157 266 663 158 267 664 109 268 665 343 216 666 118 216 667 342 216 668 336 216 669 337 216 670 85 216 671 156 216 672 157 216 673 129 216 674 163 216 675 108 216 676 162 216 677 335 216 678 336 216 679 85 216 680 344 216 681 118 216 682 343 216 683 164 216 684 108 216 685 163 216 686 155 216 687 156 216 688 129 216 689 334 216 690 335 216 691 85 216 692 345 216 693 118 216 694 344 216 695 165 216 696 108 216 697 164 216 698 154 216 699 155 216 700 129 216 701 333 216 702 334 216 703 85 216 704 166 216 705 108 216 706 165 216 707 332 216 708 333 216 709 85 216 710 167 216 711 108 216 712 166 216 713 331 216 714 332 216 715 85 216 716 168 216 717 108 216 718 167 216 719 130 216 720 150 216 721 151 216 722 130 216 723 151 216 724 152 216 725 130 216 726 152 216 727 153 216 728 130 216 729 153 216 730 154 216 731 130 216 732 154 216 733 129 216 734 117 216 735 118 216 736 345 216 737 117 216 738 345 216 739 346 216 740 117 216 741 346 216 742 347 216 743 117 216 744 347 216 745 348 216 746 117 216 747 348 216 748 349 216 749 350 216 750 117 216 751 349 216 752 149 216 753 150 216 754 130 216 755 351 216 756 117 216 757 350 216 758 148 216 759 149 216 760 130 216 761 352 216 762 117 216 763 351 216 764 147 216 765 148 216 766 130 216 767 86 269 768 331 269 769 85 269 770 86 270 771 326 271 772 327 272 773 86 216 774 327 216 775 328 216 776 86 216 777 328 216 778 329 216 779 86 273 780 329 274 781 330 275 782 86 276 783 330 277 784 331 278 785 86 216 786 359 216 787 360 216 788 86 216 789 360 216 790 361 216 791 86 279 792 361 280 793 326 281 794 107 216 795 174 216 796 175 216 797 107 216 798 175 216 799 176 216 800 107 216 801 108 216 802 168 216 803 107 216 804 168 216 805 169 216 806 107 216 807 169 216 808 170 216 809 107 216 810 170 216 811 171 216 812 107 216 813 171 216 814 172 216 815 107 216 816 172 216 817 173 216 818 107 216 819 173 216 820 174 216 821 131 282 822 176 283 823 177 284 824 131 285 825 177 286 826 178 287 827 131 288 828 178 289 829 179 290 830 131 216 831 179 216 832 180 216 833 131 216 834 180 216 835 181 216 836 131 291 837 181 292 838 146 293 839 131 294 840 107 294 841 176 294 842 131 216 843 147 216 844 130 216 845 131 295 846 146 296 847 147 297 848 116 216 849 359 216 850 86 216 851 116 216 852 117 216 853 352 216 854 116 216 855 352 216 856 353 216 857 116 216 858 353 216 859 354 216 860 116 216 861 354 216 862 355 216 863 116 216 864 355 216 865 356 216 866 116 216 867 356 216 868 357 216 869 116 216 870 357 216 871 358 216 872 116 216 873 358 216 874 359 216 875 87 216 876 116 216 877 86 216 878 132 216 879 106 216 880 107 216 881 132 216 882 107 216 883 131 216 884 115 216 885 116 216 886 87 216 887 133 216 888 106 216 889 132 216 890 88 298 891 115 298 892 87 298 893 88 216 894 114 216 895 115 216 896 105 299 897 106 299 898 133 299 899 134 216 900 105 216 901 133 216 902 113 216 903 114 216 904 88 216 905 89 300 906 113 300 907 88 300 908 104 216 909 105 216 910 134 216 911 304 301 912 113 302 913 303 303 914 196 216 915 134 216 916 195 216 917 302 216 918 113 216 919 89 216 920 302 304 921 303 305 922 113 306 923 305 216 924 113 216 925 304 216 926 194 216 927 195 216 928 134 216 929 197 216 930 104 216 931 134 216 932 197 216 933 134 216 934 196 216 935 301 216 936 302 216 937 89 216 938 306 216 939 113 216 940 305 216 941 193 216 942 194 216 943 134 216 944 198 216 945 104 216 946 197 216 947 300 216 948 301 216 949 89 216 950 307 216 951 113 216 952 306 216 953 199 216 954 104 216 955 198 216 956 192 216 957 193 216 958 134 216 959 299 216 960 300 216 961 89 216 962 308 307 963 113 308 964 307 309 965 191 216 966 192 216 967 134 216 968 200 310 969 104 311 970 199 312 971 298 216 972 299 216 973 89 216 974 309 216 975 113 216 976 308 216 977 201 216 978 104 216 979 200 216 980 190 216 981 191 216 982 134 216 983 297 216 984 298 216 985 89 216 986 202 216 987 104 216 988 201 216 989 296 216 990 297 216 991 89 216 992 203 216 993 104 216 994 202 216 995 135 216 996 188 216 997 189 216 998 135 216 999 189 216 1000 190 216 1001 135 216 1002 190 216 1003 134 216 1004 112 216 1005 309 216 1006 310 216 1007 112 216 1008 310 216 1009 311 216 1010 112 216 1011 113 216 1012 309 216 1013 295 216 1014 296 216 1015 89 216 1016 312 216 1017 112 216 1018 311 216 1019 204 216 1020 104 216 1021 203 216 1022 187 216 1023 188 216 1024 135 216 1025 313 216 1026 112 216 1027 312 216 1028 294 216 1029 295 216 1030 89 216 1031 205 313 1032 104 314 1033 204 315 1034 186 216 1035 187 216 1036 135 216 1037 314 216 1038 112 216 1039 313 216 1040 185 216 1041 186 216 1042 135 216 1043 315 216 1044 112 216 1045 314 216 1046 184 216 1047 185 216 1048 135 216 1049 316 216 1050 112 216 1051 315 216 1052 183 216 1053 184 216 1054 135 216 1055 90 216 1056 294 216 1057 89 216 1058 90 216 1059 290 216 1060 291 216 1061 90 216 1062 291 216 1063 292 216 1064 90 216 1065 292 216 1066 293 216 1067 90 216 1068 293 216 1069 294 216 1070 90 216 1071 322 216 1072 323 216 1073 90 216 1074 323 216 1075 324 216 1076 90 216 1077 324 216 1078 325 216 1079 90 216 1080 325 216 1081 290 216 1082 103 216 1083 104 216 1084 205 216 1085 103 216 1086 205 216 1087 206 216 1088 103 216 1089 206 216 1090 207 216 1091 103 216 1092 207 216 1093 208 216 1094 103 216 1095 208 216 1096 209 216 1097 103 216 1098 209 216 1099 210 216 1100 103 216 1101 210 216 1102 211 216 1103 103 216 1104 211 216 1105 212 216 1106 103 216 1107 212 216 1108 213 216 1109 136 316 1110 182 316 1111 183 316 1112 136 317 1113 183 317 1114 135 317 1115 136 318 1116 216 319 1117 217 320 1118 136 321 1119 217 321 1120 182 321 1121 111 216 1122 112 216 1123 316 216 1124 111 216 1125 316 216 1126 317 216 1127 111 216 1128 317 216 1129 318 216 1130 111 216 1131 318 216 1132 319 216 1133 91 216 1134 322 216 1135 90 216 1136 91 322 1137 319 322 1138 320 322 1139 91 216 1140 320 216 1141 321 216 1142 91 216 1143 321 216 1144 322 216 1145 91 323 1146 111 323 1147 319 323 1148 102 324 1149 213 324 1150 214 324 1151 102 325 1152 103 325 1153 213 325 1154 102 326 1155 214 326 1156 215 326 1157 102 216 1158 215 216 1159 216 216 1160 102 216 1161 216 216 1162 136 216 1163 137 216 1164 102 216 1165 136 216 1166 92 327 1167 110 327 1168 111 327 1169 92 216 1170 111 216 1171 91 216 1172 101 216 1173 102 216 1174 137 216 1175 101 216 1176 137 216 1177 138 216 1178 268 216 1179 144 216 1180 267 216 1181 232 216 1182 139 216 1183 231 216 1184 266 216 1185 267 216 1186 144 216 1187 269 216 1188 144 216 1189 268 216 1190 230 216 1191 231 216 1192 139 216 1193 233 216 1194 139 216 1195 232 216 1196 265 216 1197 266 216 1198 144 216 1199 270 216 1200 144 216 1201 269 216 1202 229 216 1203 230 216 1204 139 216 1205 234 216 1206 139 216 1207 233 216 1208 271 216 1209 144 216 1210 270 216 1211 271 216 1212 143 216 1213 144 216 1214 264 216 1215 265 216 1216 144 216 1217 264 216 1218 144 216 1219 145 216 1220 235 216 1221 139 216 1222 234 216 1223 235 216 1224 138 216 1225 139 216 1226 228 216 1227 229 216 1228 139 216 1229 228 216 1230 139 216 1231 140 216 1232 263 216 1233 264 216 1234 145 216 1235 272 328 1236 143 329 1237 271 330 1238 227 216 1239 228 216 1240 140 216 1241 236 216 1242 138 216 1243 235 216 1244 262 216 1245 263 216 1246 145 216 1247 273 216 1248 143 216 1249 272 216 1250 226 216 1251 227 216 1252 140 216 1253 237 216 1254 138 216 1255 236 216 1256 93 216 1257 110 216 1258 92 216 1259 93 331 1260 145 331 1261 110 331 1262 100 216 1263 101 216 1264 138 216 1265 274 216 1266 143 216 1267 273 216 1268 261 216 1269 262 216 1270 145 216 1271 261 332 1272 145 332 1273 93 332 1274 238 333 1275 100 333 1276 138 333 1277 238 216 1278 138 216 1279 237 216 1280 225 216 1281 226 216 1282 140 216 1283 260 216 1284 261 216 1285 93 216 1286 275 216 1287 143 216 1288 274 216 1289 224 216 1290 225 216 1291 140 216 1292 239 216 1293 100 216 1294 238 216 1295 276 216 1296 143 216 1297 275 216 1298 259 216 1299 260 216 1300 93 216 1301 240 334 1302 100 335 1303 239 336 1304 223 216 1305 224 216 1306 140 216 1307 258 216 1308 259 216 1309 93 216 1310 277 337 1311 143 338 1312 276 339 1313 241 340 1314 100 341 1315 240 342 1316 222 216 1317 223 216 1318 140 216 1319 278 343 1320 143 344 1321 277 345 1322 221 216 1323 222 216 1324 140 216 1325 94 216 1326 258 216 1327 93 216 1328 94 216 1329 286 216 1330 287 216 1331 94 216 1332 287 216 1333 288 216 1334 94 216 1335 288 216 1336 289 216 1337 94 216 1338 289 216 1339 254 216 1340 94 216 1341 254 216 1342 255 216 1343 94 216 1344 255 216 1345 256 216 1346 94 216 1347 256 216 1348 257 216 1349 94 216 1350 257 216 1351 258 216 1352 99 346 1353 100 346 1354 241 346 1355 99 216 1356 241 216 1357 242 216 1358 99 216 1359 242 216 1360 243 216 1361 99 216 1362 243 216 1363 244 216 1364 99 216 1365 244 216 1366 245 216 1367 99 216 1368 245 216 1369 246 216 1370 99 216 1371 246 216 1372 247 216 1373 99 216 1374 247 216 1375 248 216 1376 99 216 1377 248 216 1378 249 216 1379 95 216 1380 278 216 1381 279 216 1382 95 216 1383 279 216 1384 280 216 1385 95 216 1386 280 216 1387 281 216 1388 95 216 1389 281 216 1390 282 216 1391 95 216 1392 282 216 1393 283 216 1394 95 216 1395 283 216 1396 284 216 1397 95 216 1398 284 216 1399 285 216 1400 95 216 1401 285 216 1402 286 216 1403 95 216 1404 143 216 1405 278 216 1406 95 216 1407 286 216 1408 94 216 1409 98 347 1410 218 348 1411 219 349 1412 98 216 1413 219 216 1414 220 216 1415 98 216 1416 220 216 1417 221 216 1418 98 216 1419 140 216 1420 141 216 1421 98 350 1422 99 350 1423 249 350 1424 98 351 1425 249 352 1426 250 353 1427 98 354 1428 250 355 1429 251 356 1430 98 216 1431 251 216 1432 252 216 1433 98 216 1434 252 216 1435 253 216 1436 98 357 1437 253 358 1438 218 359 1439 98 216 1440 221 216 1441 140 216 1442 96 216 1443 143 216 1444 95 216 1445 96 216 1446 142 216 1447 143 216 1448 97 360 1449 98 360 1450 141 360 1451 97 361 1452 141 361 1453 142 361 1454 97 362 1455 142 362 1456 96 362 1457 543 363 1458 470 364 1459 471 365 1460 542 366 1461 471 367 1462 472 368 1463 542 369 1464 543 370 1465 471 371 1466 541 372 1467 472 373 1468 473 374 1469 541 375 1470 542 376 1471 472 377 1472 540 378 1473 473 379 1474 474 380 1475 540 381 1476 541 382 1477 473 383 1478 539 384 1479 474 385 1480 475 386 1481 539 387 1482 540 388 1483 474 389 1484 538 390 1485 475 391 1486 476 392 1487 538 393 1488 539 394 1489 475 395 1490 537 396 1491 538 397 1492 476 398 1493 537 399 1494 476 400 1495 477 401 1496 536 402 1497 537 403 1498 477 404 1499 536 405 1500 477 406 1501 478 407 1502 535 408 1503 536 409 1504 478 410 1505 535 411 1506 478 412 1507 479 413 1508 534 414 1509 479 415 1510 480 416 1511 534 417 1512 535 418 1513 479 419 1514 533 420 1515 480 421 1516 481 422 1517 533 423 1518 534 424 1519 480 425 1520 532 426 1521 481 427 1522 482 428 1523 532 429 1524 533 430 1525 481 431 1526 531 432 1527 532 433 1528 482 434 1529 530 435 1530 482 436 1531 483 437 1532 530 438 1533 483 439 1534 484 440 1535 530 441 1536 531 442 1537 482 443 1538 529 444 1539 484 445 1540 485 446 1541 529 447 1542 530 448 1543 484 449 1544 528 450 1545 485 451 1546 486 452 1547 528 453 1548 529 454 1549 485 455 1550 527 456 1551 528 457 1552 486 458 1553 526 459 1554 486 460 1555 487 461 1556 526 462 1557 487 463 1558 488 464 1559 526 465 1560 527 466 1561 486 467 1562 525 468 1563 488 469 1564 489 470 1565 525 471 1566 526 472 1567 488 473 1568 524 474 1569 525 475 1570 489 476 1571 523 477 1572 489 478 1573 490 479 1574 523 480 1575 490 481 1576 491 482 1577 523 483 1578 524 484 1579 489 485 1580 522 486 1581 523 487 1582 491 488 1583 521 489 1584 491 490 1585 492 491 1586 521 492 1587 492 493 1588 493 494 1589 521 495 1590 522 496 1591 491 497 1592 520 498 1593 493 499 1594 494 500 1595 520 501 1596 521 502 1597 493 503 1598 519 504 1599 520 505 1600 494 506 1601 518 507 1602 494 508 1603 495 509 1604 518 510 1605 495 511 1606 496 512 1607 518 513 1608 519 514 1609 494 515 1610 517 516 1611 496 517 1612 497 518 1613 517 519 1614 518 520 1615 496 521 1616 516 522 1617 497 523 1618 498 524 1619 516 525 1620 517 526 1621 497 527 1622 515 528 1623 516 529 1624 498 530 1625 514 531 1626 498 532 1627 499 533 1628 514 534 1629 515 535 1630 498 536 1631 513 537 1632 499 538 1633 500 539 1634 513 540 1635 514 541 1636 499 542 1637 512 543 1638 500 544 1639 501 545 1640 512 546 1641 501 547 1642 502 548 1643 512 549 1644 513 550 1645 500 551 1646 511 552 1647 512 553 1648 502 554 1649 510 555 1650 511 556 1651 502 557 1652 510 558 1653 502 559 1654 503 560 1655 509 561 1656 510 562 1657 503 563 1658 509 564 1659 503 565 1660 504 566 1661 509 567 1662 504 568 1663 505 569 1664 508 570 1665 509 571 1666 505 572 1667 507 573 1668 508 574 1669 505 575 1670 507 576 1671 505 577 1672 506 578 1673 616 579 1674 579 580 1675 580 581 1676 616 582 1677 580 583 1678 617 584 1679 615 585 1680 578 586 1681 579 587 1682 615 588 1683 579 589 1684 616 590 1685 614 591 1686 576 592 1687 577 593 1688 614 594 1689 577 595 1690 578 596 1691 614 597 1692 578 598 1693 615 599 1694 613 600 1695 576 601 1696 614 602 1697 612 603 1698 575 604 1699 576 605 1700 612 606 1701 576 607 1702 613 608 1703 611 609 1704 575 610 1705 612 611 1706 611 612 1707 573 613 1708 574 614 1709 611 615 1710 574 616 1711 575 617 1712 610 618 1713 573 619 1714 611 620 1715 609 621 1716 573 622 1717 610 623 1718 609 624 1719 571 625 1720 572 626 1721 609 627 1722 572 628 1723 573 629 1724 608 630 1725 571 631 1726 609 632 1727 607 633 1728 571 634 1729 608 635 1730 607 636 1731 570 637 1732 571 638 1733 606 639 1734 570 640 1735 607 641 1736 606 642 1737 569 643 1738 570 644 1739 605 645 1740 568 646 1741 569 647 1742 605 648 1743 569 649 1744 606 650 1745 604 651 1746 566 652 1747 567 653 1748 604 654 1749 567 655 1750 568 656 1751 604 657 1752 568 658 1753 605 659 1754 603 660 1755 566 661 1756 604 662 1757 602 663 1758 565 664 1759 566 665 1760 602 666 1761 566 667 1762 603 668 1763 601 669 1764 564 670 1765 565 671 1766 601 672 1767 565 673 1768 602 674 1769 600 675 1770 563 676 1771 564 677 1772 600 678 1773 564 679 1774 601 680 1775 599 681 1776 562 682 1777 563 683 1778 599 684 1779 563 685 1780 600 686 1781 598 687 1782 561 688 1783 562 689 1784 598 690 1785 562 691 1786 599 692 1787 597 693 1788 560 694 1789 561 695 1790 597 696 1791 561 697 1792 598 698 1793 596 699 1794 559 700 1795 560 701 1796 596 702 1797 560 703 1798 597 704 1799 595 705 1800 558 706 1801 559 707 1802 595 708 1803 559 709 1804 596 710 1805 594 711 1806 556 712 1807 557 713 1808 594 714 1809 557 715 1810 558 716 1811 594 717 1812 558 718 1813 595 719 1814 593 720 1815 555 721 1816 556 722 1817 593 723 1818 556 724 1819 594 725 1820 592 726 1821 555 727 1822 593 728 1823 591 729 1824 554 730 1825 555 731 1826 591 732 1827 555 733 1828 592 734 1829 590 735 1830 553 736 1831 554 737 1832 590 738 1833 554 739 1834 591 740 1835 589 741 1836 552 742 1837 553 743 1838 589 744 1839 553 745 1840 590 746 1841 588 747 1842 551 748 1843 552 749 1844 588 750 1845 552 751 1846 589 752 1847 587 753 1848 550 754 1849 551 755 1850 587 756 1851 551 757 1852 588 758 1853 586 759 1854 550 760 1855 587 761 1856 586 762 1857 549 763 1858 550 764 1859 585 765 1860 548 766 1861 549 767 1862 585 768 1863 549 769 1864 586 770 1865 584 771 1866 547 772 1867 548 773 1868 584 774 1869 548 775 1870 585 776 1871 583 777 1872 546 778 1873 547 779 1874 583 780 1875 547 781 1876 584 782 1877 582 783 1878 544 784 1879 545 785 1880 582 786 1881 545 787 1882 546 788 1883 582 789 1884 546 790 1885 583 791 1886 581 792 1887 544 793 1888 582 794 1889 919 795 1890 642 796 1891 920 797 1892 919 798 1893 643 798 1894 642 798 1895 956 798 1896 639 798 1897 638 798 1898 955 798 1899 639 798 1900 956 798 1901 921 798 1902 920 798 1903 642 798 1904 918 798 1905 643 798 1906 919 798 1907 957 798 1908 956 798 1909 638 798 1910 954 798 1911 639 798 1912 955 798 1913 922 798 1914 921 798 1915 642 798 1916 917 798 1917 643 798 1918 918 798 1919 958 798 1920 957 798 1921 638 798 1922 953 798 1923 639 798 1924 954 798 1925 923 798 1926 922 798 1927 642 798 1928 916 798 1929 643 798 1930 917 798 1931 959 798 1932 958 798 1933 638 798 1934 952 798 1935 639 798 1936 953 798 1937 915 798 1938 643 798 1939 916 798 1940 924 799 1941 923 800 1942 642 801 1943 951 798 1944 639 798 1945 952 798 1946 960 798 1947 959 798 1948 638 798 1949 914 798 1950 643 798 1951 915 798 1952 925 798 1953 924 798 1954 642 798 1955 950 798 1956 639 798 1957 951 798 1958 961 798 1959 960 798 1960 638 798 1961 926 798 1962 925 798 1963 642 798 1964 913 798 1965 643 798 1966 914 798 1967 962 798 1968 961 798 1969 638 798 1970 949 798 1971 639 798 1972 950 798 1973 927 798 1974 926 798 1975 642 798 1976 912 798 1977 643 798 1978 913 798 1979 963 798 1980 962 798 1981 638 798 1982 948 798 1983 639 798 1984 949 798 1985 911 798 1986 643 798 1987 912 798 1988 964 798 1989 963 798 1990 638 798 1991 644 802 1992 643 802 1993 911 802 1994 644 803 1995 910 803 1996 909 803 1997 644 798 1998 911 798 1999 910 798 2000 637 798 2001 965 798 2002 964 798 2003 637 798 2004 966 798 2005 965 798 2006 637 798 2007 964 798 2008 638 798 2009 908 798 2010 644 798 2011 909 798 2012 967 798 2013 966 798 2014 637 798 2015 668 804 2016 640 804 2017 639 804 2018 667 798 2019 641 798 2020 640 798 2021 667 798 2022 640 798 2023 668 798 2024 666 798 2025 928 798 2026 927 798 2027 666 798 2028 929 798 2029 928 798 2030 666 798 2031 930 798 2032 929 798 2033 666 798 2034 931 798 2035 930 798 2036 666 798 2037 932 798 2038 931 798 2039 666 798 2040 933 798 2041 932 798 2042 666 798 2043 934 798 2044 933 798 2045 666 805 2046 641 805 2047 667 805 2048 666 798 2049 642 798 2050 641 798 2051 666 798 2052 927 798 2053 642 798 2054 669 806 2055 943 807 2056 942 808 2057 669 798 2058 944 798 2059 943 798 2060 669 798 2061 945 798 2062 944 798 2063 669 809 2064 946 810 2065 945 811 2066 669 812 2067 947 813 2068 946 814 2069 669 815 2070 948 816 2071 947 817 2072 669 818 2073 942 819 2074 977 820 2075 669 798 2076 639 798 2077 948 798 2078 669 798 2079 668 798 2080 639 798 2081 665 798 2082 935 798 2083 934 798 2084 665 798 2085 936 798 2086 935 798 2087 665 798 2088 937 798 2089 936 798 2090 665 798 2091 938 798 2092 937 798 2093 665 798 2094 939 798 2095 938 798 2096 665 798 2097 940 798 2098 939 798 2099 665 798 2100 941 798 2101 940 798 2102 665 798 2103 934 798 2104 666 798 2105 670 798 2106 971 798 2107 970 798 2108 670 798 2109 972 798 2110 971 798 2111 670 798 2112 973 798 2113 972 798 2114 670 798 2115 974 798 2116 973 798 2117 670 798 2118 975 798 2119 974 798 2120 670 798 2121 976 798 2122 975 798 2123 670 798 2124 977 798 2125 976 798 2126 670 798 2127 669 798 2128 977 798 2129 1010 798 2130 1009 798 2131 637 798 2132 1008 798 2133 637 798 2134 1009 798 2135 1011 798 2136 637 798 2137 636 798 2138 1011 798 2139 1010 798 2140 637 798 2141 1012 798 2142 1011 798 2143 636 798 2144 1007 798 2145 637 798 2146 1008 798 2147 1013 798 2148 1012 798 2149 636 798 2150 1006 798 2151 637 798 2152 1007 798 2153 1005 798 2154 637 798 2155 1006 798 2156 978 798 2157 1013 798 2158 636 798 2159 1004 821 2160 637 822 2161 1005 823 2162 979 798 2163 978 798 2164 636 798 2165 980 798 2166 979 798 2167 636 798 2168 664 824 2169 644 824 2170 908 824 2171 664 825 2172 906 825 2173 941 825 2174 664 826 2175 907 826 2176 906 826 2177 664 827 2178 908 828 2179 907 829 2180 664 830 2181 941 830 2182 665 830 2183 671 798 2184 968 798 2185 967 798 2186 671 798 2187 969 798 2188 968 798 2189 671 798 2190 970 798 2191 969 798 2192 671 831 2193 967 831 2194 637 831 2195 671 798 2196 670 798 2197 970 798 2198 671 832 2199 1004 832 2200 1003 832 2201 671 833 2202 637 833 2203 1004 833 2204 1002 798 2205 671 798 2206 1003 798 2207 981 798 2208 980 798 2209 636 798 2210 1001 798 2211 671 798 2212 1002 798 2213 1000 798 2214 671 798 2215 1001 798 2216 999 798 2217 671 798 2218 1000 798 2219 635 798 2220 981 798 2221 636 798 2222 635 798 2223 982 798 2224 981 798 2225 635 798 2226 983 798 2227 982 798 2228 635 798 2229 984 798 2230 983 798 2231 635 798 2232 985 798 2233 984 798 2234 635 798 2235 986 798 2236 985 798 2237 635 798 2238 987 798 2239 986 798 2240 635 834 2241 988 834 2242 987 834 2243 663 798 2244 645 798 2245 644 798 2246 663 835 2247 644 835 2248 664 835 2249 672 798 2250 994 798 2251 993 798 2252 672 798 2253 995 798 2254 994 798 2255 672 798 2256 996 798 2257 995 798 2258 672 798 2259 997 798 2260 996 798 2261 672 798 2262 998 798 2263 997 798 2264 672 798 2265 999 798 2266 998 798 2267 672 798 2268 671 798 2269 999 798 2270 662 836 2271 646 836 2272 645 836 2273 662 798 2274 645 798 2275 663 798 2276 673 837 2277 988 837 2278 635 837 2279 673 798 2280 672 798 2281 993 798 2282 673 838 2283 989 838 2284 988 838 2285 673 798 2286 990 798 2287 989 798 2288 673 839 2289 991 839 2290 990 839 2291 673 798 2292 992 798 2293 991 798 2294 673 798 2295 993 798 2296 992 798 2297 883 798 2298 647 798 2299 646 798 2300 883 798 2301 646 798 2302 884 798 2303 704 798 2304 635 798 2305 634 798 2306 703 798 2307 635 798 2308 704 798 2309 885 840 2310 884 841 2311 646 842 2312 882 798 2313 647 798 2314 883 798 2315 705 798 2316 704 798 2317 634 798 2318 702 798 2319 635 798 2320 703 798 2321 886 843 2322 646 843 2323 662 843 2324 886 798 2325 885 798 2326 646 798 2327 881 798 2328 647 798 2329 882 798 2330 706 798 2331 705 798 2332 634 798 2333 701 844 2334 673 844 2335 635 844 2336 701 798 2337 635 798 2338 702 798 2339 887 798 2340 886 798 2341 662 798 2342 880 798 2343 647 798 2344 881 798 2345 707 798 2346 706 798 2347 634 798 2348 700 798 2349 673 798 2350 701 798 2351 879 798 2352 647 798 2353 880 798 2354 888 798 2355 887 798 2356 662 798 2357 699 798 2358 673 798 2359 700 798 2360 708 798 2361 707 798 2362 634 798 2363 878 798 2364 647 798 2365 879 798 2366 889 798 2367 888 798 2368 662 798 2369 698 798 2370 673 798 2371 699 798 2372 709 798 2373 708 798 2374 634 798 2375 877 798 2376 647 798 2377 878 798 2378 710 798 2379 709 798 2380 634 798 2381 876 798 2382 647 798 2383 877 798 2384 711 798 2385 710 798 2386 634 798 2387 875 798 2388 647 798 2389 876 798 2390 712 798 2391 711 798 2392 634 798 2393 661 798 2394 889 798 2395 662 798 2396 661 798 2397 890 798 2398 889 798 2399 661 798 2400 891 798 2401 890 798 2402 661 798 2403 892 798 2404 891 798 2405 661 798 2406 893 798 2407 892 798 2408 674 798 2409 673 798 2410 698 798 2411 674 798 2412 695 798 2413 694 798 2414 674 798 2415 696 798 2416 695 798 2417 674 798 2418 697 798 2419 696 798 2420 674 798 2421 698 798 2422 697 798 2423 894 798 2424 893 798 2425 661 798 2426 693 798 2427 674 798 2428 694 798 2429 895 798 2430 894 798 2431 661 798 2432 692 798 2433 674 798 2434 693 798 2435 896 798 2436 895 798 2437 661 798 2438 691 798 2439 674 798 2440 692 798 2441 648 845 2442 871 846 2443 870 847 2444 648 798 2445 872 798 2446 871 798 2447 648 798 2448 873 798 2449 872 798 2450 648 848 2451 874 849 2452 873 850 2453 648 851 2454 875 852 2455 874 853 2456 648 798 2457 904 798 2458 903 798 2459 648 798 2460 905 798 2461 904 798 2462 648 854 2463 647 854 2464 875 854 2465 648 855 2466 870 856 2467 905 857 2468 633 798 2469 719 798 2470 718 798 2471 633 798 2472 720 798 2473 719 798 2474 633 798 2475 712 798 2476 634 798 2477 633 798 2478 713 798 2479 712 798 2480 633 798 2481 714 798 2482 713 798 2483 633 798 2484 715 798 2485 714 798 2486 633 798 2487 716 798 2488 715 798 2489 633 798 2490 717 798 2491 716 798 2492 633 798 2493 718 798 2494 717 798 2495 660 798 2496 648 798 2497 903 798 2498 660 798 2499 896 798 2500 661 798 2501 660 798 2502 897 798 2503 896 798 2504 660 798 2505 898 798 2506 897 798 2507 660 798 2508 899 798 2509 898 798 2510 660 798 2511 900 798 2512 899 798 2513 660 798 2514 901 798 2515 900 798 2516 660 798 2517 902 798 2518 901 798 2519 660 798 2520 903 798 2521 902 798 2522 675 858 2523 721 859 2524 720 860 2525 675 861 2526 722 862 2527 721 863 2528 675 864 2529 723 865 2530 722 866 2531 675 798 2532 724 798 2533 723 798 2534 675 798 2535 725 798 2536 724 798 2537 675 867 2538 690 868 2539 725 869 2540 675 798 2541 674 798 2542 691 798 2543 675 798 2544 720 798 2545 633 798 2546 675 870 2547 691 871 2548 690 872 2549 649 798 2550 648 798 2551 660 798 2552 659 873 2553 649 873 2554 660 873 2555 676 874 2556 633 874 2557 632 874 2558 676 798 2559 675 798 2560 633 798 2561 677 798 2562 676 798 2563 632 798 2564 650 798 2565 659 798 2566 658 798 2567 650 798 2568 649 798 2569 659 798 2570 631 798 2571 677 798 2572 632 798 2573 678 875 2574 677 875 2575 631 875 2576 651 876 2577 650 876 2578 658 876 2579 651 798 2580 658 798 2581 657 798 2582 630 798 2583 678 798 2584 631 798 2585 847 877 2586 657 878 2587 848 879 2588 739 798 2589 678 798 2590 740 798 2591 849 798 2592 848 798 2593 657 798 2594 846 798 2595 651 798 2596 657 798 2597 846 880 2598 657 881 2599 847 882 2600 741 798 2601 740 798 2602 678 798 2603 741 798 2604 678 798 2605 630 798 2606 738 798 2607 678 798 2608 739 798 2609 850 798 2610 849 798 2611 657 798 2612 845 798 2613 651 798 2614 846 798 2615 742 798 2616 741 798 2617 630 798 2618 737 798 2619 678 798 2620 738 798 2621 851 798 2622 850 798 2623 657 798 2624 844 798 2625 651 798 2626 845 798 2627 743 798 2628 742 798 2629 630 798 2630 736 798 2631 678 798 2632 737 798 2633 843 798 2634 651 798 2635 844 798 2636 852 883 2637 851 884 2638 657 885 2639 735 798 2640 678 798 2641 736 798 2642 744 886 2643 743 887 2644 630 888 2645 842 798 2646 651 798 2647 843 798 2648 853 798 2649 852 798 2650 657 798 2651 734 798 2652 678 798 2653 735 798 2654 745 798 2655 744 798 2656 630 798 2657 841 798 2658 651 798 2659 842 798 2660 746 798 2661 745 798 2662 630 798 2663 840 798 2664 651 798 2665 841 798 2666 747 798 2667 746 798 2668 630 798 2669 656 798 2670 854 798 2671 853 798 2672 656 798 2673 855 798 2674 854 798 2675 656 798 2676 853 798 2677 657 798 2678 679 798 2679 733 798 2680 732 798 2681 679 798 2682 734 798 2683 733 798 2684 679 798 2685 678 798 2686 734 798 2687 839 798 2688 651 798 2689 840 798 2690 856 798 2691 855 798 2692 656 798 2693 731 798 2694 679 798 2695 732 798 2696 748 798 2697 747 798 2698 630 798 2699 838 798 2700 651 798 2701 839 798 2702 857 798 2703 856 798 2704 656 798 2705 730 798 2706 679 798 2707 731 798 2708 749 889 2709 748 890 2710 630 891 2711 858 798 2712 857 798 2713 656 798 2714 729 798 2715 679 798 2716 730 798 2717 859 798 2718 858 798 2719 656 798 2720 728 798 2721 679 798 2722 729 798 2723 860 798 2724 859 798 2725 656 798 2726 727 798 2727 679 798 2728 728 798 2729 652 798 2730 651 798 2731 838 798 2732 652 798 2733 835 798 2734 834 798 2735 652 798 2736 836 798 2737 835 798 2738 652 798 2739 837 798 2740 836 798 2741 652 798 2742 838 798 2743 837 798 2744 652 798 2745 867 798 2746 866 798 2747 652 798 2748 868 798 2749 867 798 2750 652 798 2751 869 798 2752 868 798 2753 652 798 2754 834 798 2755 869 798 2756 629 892 2757 749 892 2758 630 892 2759 629 798 2760 750 798 2761 749 798 2762 629 798 2763 751 798 2764 750 798 2765 629 798 2766 752 798 2767 751 798 2768 629 798 2769 753 798 2770 752 798 2771 629 798 2772 754 798 2773 753 798 2774 629 798 2775 755 798 2776 754 798 2777 629 798 2778 756 798 2779 755 798 2780 629 798 2781 757 798 2782 756 798 2783 655 798 2784 860 798 2785 656 798 2786 655 798 2787 861 798 2788 860 798 2789 655 798 2790 862 798 2791 861 798 2792 655 798 2793 863 798 2794 862 798 2795 680 893 2796 727 893 2797 726 893 2798 680 894 2799 679 894 2800 727 894 2801 680 895 2802 761 896 2803 760 897 2804 680 898 2805 726 898 2806 761 898 2807 653 798 2808 652 798 2809 866 798 2810 653 899 2811 864 899 2812 863 899 2813 653 798 2814 865 798 2815 864 798 2816 653 798 2817 866 798 2818 865 798 2819 653 900 2820 863 900 2821 655 900 2822 628 798 2823 758 798 2824 757 798 2825 628 901 2826 757 901 2827 629 901 2828 628 902 2829 759 902 2830 758 902 2831 628 798 2832 760 798 2833 759 798 2834 628 903 2835 680 903 2836 760 903 2837 628 904 2838 681 904 2839 680 904 2840 618 905 2841 655 905 2842 654 905 2843 618 906 2844 653 906 2845 655 906 2846 618 907 2847 654 907 2848 689 907 2849 627 798 2850 681 798 2851 628 798 2852 811 798 2853 688 798 2854 812 798 2855 775 798 2856 683 798 2857 776 798 2858 813 798 2859 812 798 2860 688 798 2861 810 798 2862 688 798 2863 811 798 2864 777 798 2865 776 798 2866 683 798 2867 774 798 2868 683 798 2869 775 798 2870 814 798 2871 813 798 2872 688 798 2873 809 798 2874 688 798 2875 810 798 2876 778 798 2877 777 798 2878 683 798 2879 773 798 2880 683 798 2881 774 798 2882 815 798 2883 814 798 2884 688 798 2885 815 798 2886 688 798 2887 687 798 2888 808 798 2889 688 798 2890 809 798 2891 808 798 2892 689 798 2893 688 798 2894 779 798 2895 778 798 2896 683 798 2897 779 798 2898 683 798 2899 682 798 2900 772 798 2901 683 798 2902 773 798 2903 772 798 2904 684 798 2905 683 798 2906 807 798 2907 689 798 2908 808 798 2909 816 908 2910 815 909 2911 687 910 2912 771 798 2913 684 798 2914 772 798 2915 780 798 2916 779 798 2917 682 798 2918 806 798 2919 689 798 2920 807 798 2921 817 798 2922 816 798 2923 687 798 2924 770 798 2925 684 798 2926 771 798 2927 781 798 2928 780 798 2929 682 798 2930 818 798 2931 817 798 2932 687 798 2933 805 798 2934 689 798 2935 806 798 2936 782 798 2937 781 798 2938 682 798 2939 769 798 2940 684 798 2941 770 798 2942 619 911 2943 689 911 2944 805 911 2945 619 798 2946 618 798 2947 689 798 2948 626 798 2949 681 798 2950 627 798 2951 626 912 2952 782 912 2953 682 912 2954 626 904 2955 682 904 2956 681 904 2957 819 798 2958 818 798 2959 687 798 2960 804 798 2961 619 798 2962 805 798 2963 783 798 2964 782 798 2965 626 798 2966 768 798 2967 684 798 2968 769 798 2969 803 798 2970 619 798 2971 804 798 2972 820 798 2973 819 798 2974 687 798 2975 767 798 2976 684 798 2977 768 798 2978 784 798 2979 783 798 2980 626 798 2981 802 798 2982 619 798 2983 803 798 2984 821 913 2985 820 914 2986 687 915 2987 766 798 2988 684 798 2989 767 798 2990 785 798 2991 784 798 2992 626 798 2993 822 916 2994 821 917 2995 687 918 2996 765 798 2997 684 798 2998 766 798 2999 620 798 3000 619 798 3001 802 798 3002 620 798 3003 831 798 3004 830 798 3005 620 798 3006 832 798 3007 831 798 3008 620 798 3009 833 798 3010 832 798 3011 620 798 3012 798 798 3013 833 798 3014 620 798 3015 799 798 3016 798 798 3017 620 798 3018 800 798 3019 799 798 3020 620 798 3021 801 798 3022 800 798 3023 620 798 3024 802 798 3025 801 798 3026 625 798 3027 785 798 3028 626 798 3029 625 798 3030 786 798 3031 785 798 3032 625 798 3033 787 798 3034 786 798 3035 625 798 3036 788 798 3037 787 798 3038 625 798 3039 789 798 3040 788 798 3041 625 798 3042 790 798 3043 789 798 3044 625 798 3045 791 798 3046 790 798 3047 625 798 3048 792 798 3049 791 798 3050 625 798 3051 793 798 3052 792 798 3053 621 798 3054 822 798 3055 687 798 3056 621 798 3057 823 798 3058 822 798 3059 621 798 3060 824 798 3061 823 798 3062 621 798 3063 825 798 3064 824 798 3065 621 798 3066 826 798 3067 825 798 3068 621 798 3069 827 798 3070 826 798 3071 621 798 3072 828 798 3073 827 798 3074 621 798 3075 829 798 3076 828 798 3077 621 798 3078 830 798 3079 829 798 3080 621 798 3081 620 798 3082 830 798 3083 624 798 3084 684 798 3085 765 798 3086 624 919 3087 763 920 3088 762 921 3089 624 798 3090 764 798 3091 763 798 3092 624 798 3093 765 798 3094 764 798 3095 624 922 3096 793 922 3097 625 922 3098 624 923 3099 794 924 3100 793 925 3101 624 926 3102 795 927 3103 794 928 3104 624 798 3105 796 798 3106 795 798 3107 624 798 3108 797 798 3109 796 798 3110 624 929 3111 762 930 3112 797 931 3113 622 798 3114 621 798 3115 687 798 3116 622 798 3117 686 798 3118 685 798 3119 622 798 3120 687 798 3121 686 798 3122 623 798 3123 622 798 3124 685 798 3125 623 932 3126 685 932 3127 684 932 3128 623 798 3129 684 798 3130 624 798 3131 1086 933 3132 1049 934 3133 1050 935 3134 1086 936 3135 1050 937 3136 1087 938 3137 1085 939 3138 1047 940 3139 1048 941 3140 1085 942 3141 1048 943 3142 1049 944 3143 1085 945 3144 1049 946 3145 1086 947 3146 1084 948 3147 1047 949 3148 1085 950 3149 1083 951 3150 1045 952 3151 1046 953 3152 1083 954 3153 1046 955 3154 1047 956 3155 1083 957 3156 1047 958 3157 1084 959 3158 1082 960 3159 1045 961 3160 1083 962 3161 1081 963 3162 1045 964 3163 1082 965 3164 1081 966 3165 1044 967 3166 1045 968 3167 1080 969 3168 1044 970 3169 1081 971 3170 1080 972 3171 1043 973 3172 1044 974 3173 1079 975 3174 1043 976 3175 1080 977 3176 1079 978 3177 1042 979 3178 1043 980 3179 1078 981 3180 1042 982 3181 1079 983 3182 1078 984 3183 1041 985 3184 1042 986 3185 1077 987 3186 1041 988 3187 1078 989 3188 1077 990 3189 1040 991 3190 1041 992 3191 1076 993 3192 1040 994 3193 1077 995 3194 1076 996 3195 1039 997 3196 1040 998 3197 1075 999 3198 1038 1000 3199 1039 1001 3200 1075 1002 3201 1039 1003 3202 1076 1004 3203 1074 1005 3204 1037 1006 3205 1038 1007 3206 1074 1008 3207 1038 1009 3208 1075 1010 3209 1073 1011 3210 1037 1012 3211 1074 1013 3212 1073 1014 3213 1036 1015 3214 1037 1016 3215 1072 1017 3216 1035 1018 3217 1036 1019 3218 1072 1020 3219 1036 1021 3220 1073 1022 3221 1071 1023 3222 1034 1024 3223 1035 1025 3224 1071 1026 3225 1035 1027 3226 1072 1028 3227 1070 1029 3228 1033 1030 3229 1034 1031 3230 1070 1032 3231 1034 1033 3232 1071 1034 3233 1069 1035 3234 1032 1036 3235 1033 1037 3236 1069 1038 3237 1033 1039 3238 1070 1040 3239 1068 1041 3240 1031 1042 3241 1032 1043 3242 1068 1044 3243 1032 1045 3244 1069 1046 3245 1067 1047 3246 1030 1048 3247 1031 1049 3248 1067 1050 3249 1031 1051 3250 1068 1052 3251 1066 1053 3252 1029 1054 3253 1030 1055 3254 1066 1056 3255 1030 1057 3256 1067 1058 3257 1065 1059 3258 1028 1060 3259 1029 1061 3260 1065 1062 3261 1029 1063 3262 1066 1064 3263 1064 1065 3264 1027 1066 3265 1028 1067 3266 1064 1068 3267 1028 1069 3268 1065 1070 3269 1063 1071 3270 1026 1072 3271 1027 1073 3272 1063 1074 3273 1027 1075 3274 1064 1076 3275 1062 1077 3276 1025 1078 3277 1026 1079 3278 1062 1080 3279 1026 1081 3280 1063 1082 3281 1061 1083 3282 1024 1084 3283 1025 1085 3284 1061 1086 3285 1025 1087 3286 1062 1088 3287 1060 1089 3288 1023 1090 3289 1024 1091 3290 1060 1092 3291 1024 1093 3292 1061 1094 3293 1059 1095 3294 1022 1096 3295 1023 1097 3296 1059 1098 3297 1023 1099 3298 1060 1100 3299 1058 1101 3300 1020 1102 3301 1021 1103 3302 1058 1104 3303 1021 1105 3304 1022 1106 3305 1058 1107 3306 1022 1108 3307 1059 1109 3308 1057 1110 3309 1020 1111 3310 1058 1112 3311 1056 1113 3312 1020 1114 3313 1057 1115 3314 1056 1116 3315 1019 1117 3316 1020 1118 3317 1055 1119 3318 1018 1120 3319 1019 1121 3320 1055 1122 3321 1019 1123 3322 1056 1124 3323 1054 1125 3324 1018 1126 3325 1055 1127 3326 1054 1128 3327 1016 1129 3328 1017 1130 3329 1054 1131 3330 1017 1132 3331 1018 1133 3332 1053 1134 3333 1016 1135 3334 1054 1136 3335 1052 1137 3336 1015 1138 3337 1016 1139 3338 1052 1140 3339 1016 1141 3340 1053 1142 3341 1051 1143 3342 1014 1144 3343 1015 1145 3344 1051 1146 3345 1015 1147 3346 1052 1148 3347 1160 933 3348 1123 934 3349 1124 1149 3350 1160 1150 3351 1124 937 3352 1161 938 3353 1159 1151 3354 1121 1152 3355 1122 1153 3356 1159 1154 3357 1122 1155 3358 1123 1156 3359 1159 1157 3360 1123 946 3361 1160 1158 3362 1158 1159 3363 1121 1160 3364 1159 1161 3365 1157 1162 3366 1119 1163 3367 1120 1164 3368 1157 1165 3369 1120 1166 3370 1121 1167 3371 1157 957 3372 1121 958 3373 1158 959 3374 1156 1168 3375 1119 1169 3376 1157 1170 3377 1155 1171 3378 1119 1172 3379 1156 1173 3380 1155 1174 3381 1118 1175 3382 1119 1176 3383 1154 1177 3384 1118 1178 3385 1155 1179 3386 1154 1180 3387 1117 1181 3388 1118 1182 3389 1153 1183 3390 1117 1184 3391 1154 1185 3392 1153 1186 3393 1116 1187 3394 1117 1188 3395 1152 1189 3396 1116 1190 3397 1153 1191 3398 1152 1192 3399 1115 1193 3400 1116 1194 3401 1151 1195 3402 1115 1196 3403 1152 1197 3404 1151 1198 3405 1114 1199 3406 1115 1200 3407 1150 1201 3408 1114 1202 3409 1151 1203 3410 1150 1204 3411 1113 1205 3412 1114 1206 3413 1149 1207 3414 1112 1208 3415 1113 1209 3416 1149 1210 3417 1113 1211 3418 1150 1212 3419 1148 1213 3420 1111 1214 3421 1112 1215 3422 1148 1216 3423 1112 1217 3424 1149 1218 3425 1147 1219 3426 1111 1220 3427 1148 1221 3428 1147 1222 3429 1110 1223 3430 1111 1224 3431 1146 1225 3432 1109 1226 3433 1110 1227 3434 1146 1228 3435 1110 1229 3436 1147 1230 3437 1145 1231 3438 1108 1232 3439 1109 1233 3440 1145 1234 3441 1109 1235 3442 1146 1236 3443 1144 1029 3444 1107 1237 3445 1108 1238 3446 1144 1239 3447 1108 1240 3448 1145 1241 3449 1143 1242 3450 1106 1243 3451 1107 1244 3452 1143 1245 3453 1107 1246 3454 1144 1247 3455 1142 1248 3456 1105 1249 3457 1106 1250 3458 1142 1251 3459 1106 1252 3460 1143 1253 3461 1141 1254 3462 1104 1255 3463 1105 1256 3464 1141 1257 3465 1105 1258 3466 1142 1259 3467 1140 1260 3468 1103 1261 3469 1104 1262 3470 1140 1263 3471 1104 1264 3472 1141 1265 3473 1139 1266 3474 1102 1267 3475 1103 1268 3476 1139 1269 3477 1103 1270 3478 1140 1271 3479 1138 1272 3480 1101 1273 3481 1102 1274 3482 1138 1275 3483 1102 1069 3484 1139 1276 3485 1137 1071 3486 1100 1072 3487 1101 1073 3488 1137 1277 3489 1101 1278 3490 1138 1279 3491 1136 1280 3492 1099 1281 3493 1100 1282 3494 1136 1283 3495 1100 1284 3496 1137 1285 3497 1135 1286 3498 1098 1287 3499 1099 1288 3500 1135 1289 3501 1099 1290 3502 1136 1291 3503 1134 1292 3504 1097 1293 3505 1098 1294 3506 1134 1295 3507 1098 1296 3508 1135 1297 3509 1133 1298 3510 1096 1299 3511 1097 1300 3512 1133 1301 3513 1097 1302 3514 1134 1303 3515 1132 1304 3516 1094 1305 3517 1095 1306 3518 1132 1307 3519 1095 1308 3520 1096 1309 3521 1132 1310 3522 1096 1311 3523 1133 1312 3524 1131 1313 3525 1094 1314 3526 1132 1315 3527 1130 1113 3528 1094 1114 3529 1131 1115 3530 1130 1316 3531 1093 1317 3532 1094 1318 3533 1129 1119 3534 1092 1319 3535 1093 1320 3536 1129 1321 3537 1093 1322 3538 1130 1323 3539 1128 1125 3540 1092 1126 3541 1129 1127 3542 1128 1324 3543 1090 1325 3544 1091 1326 3545 1128 1327 3546 1091 1328 3547 1092 1329 3548 1127 1330 3549 1090 1331 3550 1128 1332 3551 1126 1333 3552 1089 1334 3553 1090 1335 3554 1126 1336 3555 1090 1337 3556 1127 1338 3557 1125 1143 3558 1088 1144 3559 1089 1145 3560 1125 1146 3561 1089 1147 3562 1126 1148 3563 1234 933 3564 1197 934 3565 1198 1149 3566 1234 1150 3567 1198 937 3568 1235 938 3569 1233 1151 3570 1195 1152 3571 1196 1153 3572 1233 1154 3573 1196 1155 3574 1197 1156 3575 1233 1157 3576 1197 946 3577 1234 1158 3578 1232 1159 3579 1195 1160 3580 1233 1161 3581 1231 1162 3582 1193 1163 3583 1194 1164 3584 1231 1165 3585 1194 1166 3586 1195 1167 3587 1231 957 3588 1195 958 3589 1232 959 3590 1230 1168 3591 1193 1169 3592 1231 1170 3593 1229 1171 3594 1193 1172 3595 1230 1173 3596 1229 1174 3597 1192 1175 3598 1193 1176 3599 1228 1339 3600 1192 1340 3601 1229 1341 3602 1228 1342 3603 1191 1343 3604 1192 1344 3605 1227 1345 3606 1191 1346 3607 1228 1347 3608 1227 1348 3609 1190 1349 3610 1191 1350 3611 1226 1351 3612 1190 1352 3613 1227 1353 3614 1226 1354 3615 1189 1355 3616 1190 1356 3617 1225 1357 3618 1189 1358 3619 1226 1359 3620 1225 1360 3621 1188 1361 3622 1189 1362 3623 1224 1363 3624 1188 1364 3625 1225 1365 3626 1224 1366 3627 1187 1367 3628 1188 1368 3629 1223 1369 3630 1186 1370 3631 1187 1371 3632 1223 1372 3633 1187 1373 3634 1224 1374 3635 1222 1213 3636 1185 1214 3637 1186 1215 3638 1222 1216 3639 1186 1217 3640 1223 1218 3641 1221 1219 3642 1185 1220 3643 1222 1221 3644 1221 1222 3645 1184 1223 3646 1185 1224 3647 1220 1225 3648 1183 1226 3649 1184 1227 3650 1220 1228 3651 1184 1229 3652 1221 1230 3653 1219 1231 3654 1182 1232 3655 1183 1233 3656 1219 1234 3657 1183 1235 3658 1220 1236 3659 1218 1029 3660 1181 1237 3661 1182 1238 3662 1218 1239 3663 1182 1240 3664 1219 1241 3665 1217 1242 3666 1180 1243 3667 1181 1244 3668 1217 1245 3669 1181 1246 3670 1218 1247 3671 1216 1248 3672 1179 1249 3673 1180 1250 3674 1216 1251 3675 1180 1252 3676 1217 1253 3677 1215 1254 3678 1178 1255 3679 1179 1256 3680 1215 1257 3681 1179 1258 3682 1216 1259 3683 1214 1260 3684 1177 1261 3685 1178 1262 3686 1214 1263 3687 1178 1264 3688 1215 1265 3689 1213 1266 3690 1176 1267 3691 1177 1268 3692 1213 1269 3693 1177 1270 3694 1214 1271 3695 1212 1272 3696 1175 1273 3697 1176 1274 3698 1212 1275 3699 1176 1069 3700 1213 1276 3701 1211 1071 3702 1174 1072 3703 1175 1073 3704 1211 1277 3705 1175 1278 3706 1212 1279 3707 1210 1375 3708 1173 1376 3709 1174 1377 3710 1210 1378 3711 1174 1081 3712 1211 1379 3713 1209 1380 3714 1172 1381 3715 1173 1382 3716 1209 1383 3717 1173 1384 3718 1210 1385 3719 1208 1386 3720 1171 1387 3721 1172 1388 3722 1208 1389 3723 1172 1390 3724 1209 1391 3725 1207 1392 3726 1170 1393 3727 1171 1394 3728 1207 1395 3729 1171 1396 3730 1208 1397 3731 1206 1398 3732 1168 1399 3733 1169 1400 3734 1206 1401 3735 1169 1402 3736 1170 1403 3737 1206 1404 3738 1170 1405 3739 1207 1406 3740 1205 1407 3741 1168 1408 3742 1206 1409 3743 1204 1113 3744 1168 1114 3745 1205 1115 3746 1204 1316 3747 1167 1317 3748 1168 1318 3749 1203 1119 3750 1166 1319 3751 1167 1320 3752 1203 1321 3753 1167 1322 3754 1204 1323 3755 1202 1125 3756 1166 1126 3757 1203 1127 3758 1202 1324 3759 1164 1325 3760 1165 1326 3761 1202 1327 3762 1165 1328 3763 1166 1329 3764 1201 1330 3765 1164 1331 3766 1202 1332 3767 1200 1333 3768 1163 1334 3769 1164 1335 3770 1200 1336 3771 1164 1337 3772 1201 1338 3773 1199 1143 3774 1162 1144 3775 1163 1145 3776 1199 1146 3777 1163 1147 3778 1200 1148 3779 1308 1410 3780 1271 1411 3781 1272 1412 3782 1308 1413 3783 1272 1414 3784 1309 1415 3785 1307 1416 3786 1269 1417 3787 1270 1418 3788 1307 942 3789 1270 943 3790 1271 944 3791 1307 945 3792 1271 946 3793 1308 947 3794 1306 1419 3795 1269 1420 3796 1307 1421 3797 1305 951 3798 1267 952 3799 1268 953 3800 1305 1422 3801 1268 1423 3802 1269 1424 3803 1305 1425 3804 1269 1426 3805 1306 1427 3806 1304 960 3807 1267 961 3808 1305 962 3809 1303 963 3810 1267 964 3811 1304 965 3812 1303 966 3813 1266 967 3814 1267 968 3815 1302 1428 3816 1266 1429 3817 1303 1430 3818 1302 1431 3819 1265 1432 3820 1266 1433 3821 1301 975 3822 1265 976 3823 1302 977 3824 1301 978 3825 1264 979 3826 1265 980 3827 1300 981 3828 1264 982 3829 1301 983 3830 1300 984 3831 1263 985 3832 1264 986 3833 1299 987 3834 1263 988 3835 1300 989 3836 1299 990 3837 1262 991 3838 1263 992 3839 1298 993 3840 1262 994 3841 1299 995 3842 1298 996 3843 1261 997 3844 1262 998 3845 1297 1434 3846 1260 1435 3847 1261 1436 3848 1297 1437 3849 1261 1438 3850 1298 1439 3851 1296 1005 3852 1259 1006 3853 1260 1007 3854 1296 1008 3855 1260 1009 3856 1297 1010 3857 1295 1011 3858 1259 1012 3859 1296 1013 3860 1295 1014 3861 1258 1015 3862 1259 1016 3863 1294 1225 3864 1257 1226 3865 1258 1227 3866 1294 1440 3867 1258 1441 3868 1295 1442 3869 1293 1443 3870 1256 1444 3871 1257 1445 3872 1293 1446 3873 1257 1447 3874 1294 1448 3875 1292 1029 3876 1255 1030 3877 1256 1031 3878 1292 1032 3879 1256 1033 3880 1293 1034 3881 1291 1242 3882 1254 1243 3883 1255 1449 3884 1291 1450 3885 1255 1246 3886 1292 1247 3887 1290 1248 3888 1253 1249 3889 1254 1250 3890 1290 1251 3891 1254 1252 3892 1291 1253 3893 1289 1047 3894 1252 1048 3895 1253 1049 3896 1289 1050 3897 1253 1051 3898 1290 1052 3899 1288 1451 3900 1251 1452 3901 1252 1453 3902 1288 1454 3903 1252 1455 3904 1289 1456 3905 1287 1266 3906 1250 1267 3907 1251 1268 3908 1287 1457 3909 1251 1458 3910 1288 1459 3911 1286 1065 3912 1249 1066 3913 1250 1067 3914 1286 1068 3915 1250 1069 3916 1287 1070 3917 1285 1071 3918 1248 1072 3919 1249 1073 3920 1285 1074 3921 1249 1075 3922 1286 1076 3923 1284 1460 3924 1247 1461 3925 1248 1462 3926 1284 1463 3927 1248 1464 3928 1285 1465 3929 1283 1083 3930 1246 1084 3931 1247 1085 3932 1283 1086 3933 1247 1087 3934 1284 1088 3935 1282 1089 3936 1245 1090 3937 1246 1091 3938 1282 1092 3939 1246 1093 3940 1283 1094 3941 1281 1095 3942 1244 1096 3943 1245 1097 3944 1281 1098 3945 1245 1099 3946 1282 1100 3947 1280 1466 3948 1242 1467 3949 1243 1468 3950 1280 1104 3951 1243 1105 3952 1244 1106 3953 1280 1107 3954 1244 1108 3955 1281 1109 3956 1279 1469 3957 1242 1470 3958 1280 1471 3959 1278 1113 3960 1242 1114 3961 1279 1115 3962 1278 1116 3963 1241 1117 3964 1242 1118 3965 1277 1119 3966 1240 1120 3967 1241 1121 3968 1277 1122 3969 1241 1123 3970 1278 1124 3971 1276 1472 3972 1240 1473 3973 1277 1474 3974 1276 1475 3975 1238 1476 3976 1239 1477 3977 1276 1478 3978 1239 1479 3979 1240 1480 3980 1275 1481 3981 1238 1482 3982 1276 1483 3983 1274 1137 3984 1237 1138 3985 1238 1139 3986 1274 1140 3987 1238 1141 3988 1275 1142 3989 1273 1484 3990 1236 1485 3991 1237 1486 3992 1273 1487 3993 1237 1488 3994 1274 1489 3995 1382 1410 3996 1345 1411 3997 1346 1490 3998 1382 1491 3999 1346 1414 4000 1383 1492 4001 1381 1493 4002 1343 1494 4003 1344 1495 4004 1381 1496 4005 1344 1497 4006 1345 1498 4007 1381 1499 4008 1345 1500 4009 1382 1501 4010 1380 1502 4011 1343 1503 4012 1381 1504 4013 1379 1505 4014 1341 1506 4015 1342 1507 4016 1379 1422 4017 1342 1423 4018 1343 1424 4019 1379 1508 4020 1343 1509 4021 1380 1510 4022 1378 1511 4023 1341 1512 4024 1379 1513 4025 1377 1514 4026 1341 1515 4027 1378 1516 4028 1377 966 4029 1340 967 4030 1341 968 4031 1376 1517 4032 1340 1178 4033 1377 1518 4034 1376 1519 4035 1339 1520 4036 1340 1521 4037 1375 975 4038 1339 976 4039 1376 977 4040 1375 978 4041 1338 979 4042 1339 980 4043 1374 1522 4044 1338 1523 4045 1375 1524 4046 1374 1525 4047 1337 1526 4048 1338 1527 4049 1373 1528 4050 1337 1529 4051 1374 1530 4052 1373 1531 4053 1336 1532 4054 1337 1533 4055 1372 993 4056 1336 994 4057 1373 995 4058 1372 996 4059 1335 997 4060 1336 998 4061 1371 1207 4062 1334 1534 4063 1335 1535 4064 1371 1536 4065 1335 1537 4066 1372 1538 4067 1370 1539 4068 1333 1540 4069 1334 1541 4070 1370 1008 4071 1334 1009 4072 1371 1010 4073 1369 1542 4074 1333 1543 4075 1370 1544 4076 1369 1545 4077 1332 1546 4078 1333 1547 4079 1368 1548 4080 1331 1549 4081 1332 1550 4082 1368 1440 4083 1332 1441 4084 1369 1442 4085 1367 1551 4086 1330 1552 4087 1331 1553 4088 1367 1554 4089 1331 1555 4090 1368 1556 4091 1366 1557 4092 1329 1558 4093 1330 1559 4094 1366 1560 4095 1330 1561 4096 1367 1562 4097 1365 1563 4098 1328 1564 4099 1329 1565 4100 1365 1566 4101 1329 1567 4102 1366 1568 4103 1364 1569 4104 1327 1570 4105 1328 1571 4106 1364 1572 4107 1328 1573 4108 1365 1574 4109 1363 1575 4110 1326 1576 4111 1327 1577 4112 1363 1257 4113 1327 1258 4114 1364 1259 4115 1362 1260 4116 1325 1261 4117 1326 1262 4118 1362 1578 4119 1326 1579 4120 1363 1580 4121 1361 1266 4122 1324 1267 4123 1325 1268 4124 1361 1269 4125 1325 1270 4126 1362 1271 4127 1360 1581 4128 1323 1582 4129 1324 1583 4130 1360 1584 4131 1324 1585 4132 1361 1586 4133 1359 1071 4134 1322 1072 4135 1323 1073 4136 1359 1587 4137 1323 1588 4138 1360 1589 4139 1358 1280 4140 1321 1590 4141 1322 1591 4142 1358 1592 4143 1322 1593 4144 1359 1594 4145 1357 1083 4146 1320 1084 4147 1321 1085 4148 1357 1086 4149 1321 1087 4150 1358 1088 4151 1356 1595 4152 1319 1596 4153 1320 1597 4154 1356 1598 4155 1320 1599 4156 1357 1600 4157 1355 1601 4158 1318 1602 4159 1319 1603 4160 1355 1604 4161 1319 1605 4162 1356 1606 4163 1354 1607 4164 1316 1608 4165 1317 1609 4166 1354 1104 4167 1317 1105 4168 1318 1106 4169 1354 1107 4170 1318 1108 4171 1355 1109 4172 1353 1610 4173 1316 1611 4174 1354 1612 4175 1352 1113 4176 1316 1114 4177 1353 1115 4178 1352 1613 4179 1315 1614 4180 1316 1615 4181 1351 1616 4182 1314 1617 4183 1315 1618 4184 1351 1619 4185 1315 1620 4186 1352 1621 4187 1350 1472 4188 1314 1473 4189 1351 1474 4190 1350 1622 4191 1312 1623 4192 1313 1624 4193 1350 1625 4194 1313 1626 4195 1314 1627 4196 1349 1628 4197 1312 1629 4198 1350 1630 4199 1348 1333 4200 1311 1334 4201 1312 1335 4202 1348 1631 4203 1312 1632 4204 1349 1633 4205 1347 1484 4206 1310 1634 4207 1311 1635 4208 1347 1636 4209 1311 1488 4210 1348 1489 4211 1419 1637 4212 1421 1638 4213 1420 1639 4214 1419 1640 4215 1457 1641 4216 1421 1642 4217 1418 1643 4218 1455 1644 4219 1456 1645 4220 1418 1646 4221 1456 1647 4222 1457 1648 4223 1418 945 4224 1457 946 4225 1419 947 4226 1417 948 4227 1455 949 4228 1418 950 4229 1416 1649 4230 1453 1650 4231 1454 1651 4232 1416 954 4233 1454 955 4234 1455 956 4235 1416 957 4236 1455 958 4237 1417 959 4238 1415 1652 4239 1453 1653 4240 1416 1654 4241 1414 1655 4242 1453 1656 4243 1415 1657 4244 1414 966 4245 1452 967 4246 1453 968 4247 1413 1658 4248 1452 1659 4249 1414 1660 4250 1413 972 4251 1451 1661 4252 1452 1662 4253 1412 1345 4254 1451 1346 4255 1413 1347 4256 1412 1663 4257 1450 1664 4258 1451 1665 4259 1411 1666 4260 1450 1667 4261 1412 1668 4262 1411 1669 4263 1449 1670 4264 1450 1671 4265 1410 1672 4266 1449 1673 4267 1411 1674 4268 1410 1675 4269 1448 1676 4270 1449 1677 4271 1409 1678 4272 1448 1679 4273 1410 1680 4274 1409 1366 4275 1447 1367 4276 1448 1368 4277 1408 1681 4278 1447 1682 4279 1409 1683 4280 1408 1369 4281 1446 1684 4282 1447 1685 4283 1407 1008 4284 1446 1009 4285 1408 1010 4286 1407 1686 4287 1445 1687 4288 1446 1688 4289 1406 1689 4290 1445 1690 4291 1407 1691 4292 1406 1545 4293 1444 1692 4294 1445 1693 4295 1405 1440 4296 1444 1441 4297 1406 1442 4298 1405 1225 4299 1443 1226 4300 1444 1227 4301 1404 1446 4302 1443 1447 4303 1405 1448 4304 1404 1694 4305 1442 1695 4306 1443 1696 4307 1403 1697 4308 1442 1698 4309 1404 1699 4310 1403 1029 4311 1441 1030 4312 1442 1031 4313 1402 1566 4314 1441 1567 4315 1403 1568 4316 1402 1563 4317 1440 1564 4318 1441 1565 4319 1401 1569 4320 1439 1570 4321 1440 1700 4322 1401 1701 4323 1440 1573 4324 1402 1574 4325 1400 1702 4326 1438 1703 4327 1439 1704 4328 1400 1705 4329 1439 1258 4330 1401 1706 4331 1399 1707 4332 1438 1708 4333 1400 1709 4334 1399 1710 4335 1437 1711 4336 1438 1712 4337 1398 1713 4338 1436 1714 4339 1437 1715 4340 1398 1269 4341 1437 1270 4342 1399 1271 4343 1397 1716 4344 1436 1717 4345 1398 1718 4346 1397 1719 4347 1435 1720 4348 1436 1721 4349 1396 1722 4350 1434 1723 4351 1435 1724 4352 1396 1725 4353 1435 1726 4354 1397 1727 4355 1395 1728 4356 1433 1729 4357 1434 1730 4358 1395 1731 4359 1434 1081 4360 1396 1732 4361 1394 1733 4362 1432 1734 4363 1433 1735 4364 1394 1383 4365 1433 1384 4366 1395 1385 4367 1393 1736 4368 1431 1737 4369 1432 1738 4370 1393 1739 4371 1432 1740 4372 1394 1741 4373 1392 1742 4374 1430 1743 4375 1431 1744 4376 1392 1745 4377 1431 1746 4378 1393 1747 4379 1391 1748 4380 1428 1749 4381 1429 1750 4382 1391 1401 4383 1429 1402 4384 1430 1403 4385 1391 1751 4386 1430 1752 4387 1392 1753 4388 1390 1754 4389 1428 1755 4390 1391 1756 4391 1389 1757 4392 1428 1758 4393 1390 1759 4394 1389 1760 4395 1427 1761 4396 1428 1762 4397 1388 1763 4398 1427 1764 4399 1389 1765 4400 1388 1766 4401 1426 1767 4402 1427 1768 4403 1387 1769 4404 1426 1770 4405 1388 1771 4406 1387 1772 4407 1424 1773 4408 1425 1774 4409 1387 1327 4410 1425 1328 4411 1426 1329 4412 1386 1775 4413 1424 1776 4414 1387 1777 4415 1385 1778 4416 1424 1779 4417 1386 1780 4418 1385 1333 4419 1423 1781 4420 1424 1782 4421 1384 1783 4422 1423 1784 4423 1385 1785 4424 1384 1786 4425 1422 1787 4426 1423 1788 4427 1493 1637 4428 1495 1638 4429 1494 1639 4430 1493 1640 4431 1531 1641 4432 1495 1642 4433 1492 1643 4434 1529 1644 4435 1530 1645 4436 1492 1646 4437 1530 1647 4438 1531 1648 4439 1492 945 4440 1531 946 4441 1493 947 4442 1491 948 4443 1529 949 4444 1492 950 4445 1490 1649 4446 1527 1650 4447 1528 1651 4448 1490 954 4449 1528 955 4450 1529 956 4451 1490 957 4452 1529 958 4453 1491 959 4454 1489 1652 4455 1527 1653 4456 1490 1654 4457 1488 1655 4458 1527 1656 4459 1489 1657 4460 1488 966 4461 1526 967 4462 1527 968 4463 1487 1789 4464 1526 1178 4465 1488 1790 4466 1487 1791 4467 1525 1792 4468 1526 1793 4469 1486 1183 4470 1525 1184 4471 1487 1185 4472 1486 1794 4473 1524 1795 4474 1525 1796 4475 1485 1797 4476 1524 1798 4477 1486 1799 4478 1485 1800 4479 1523 1801 4480 1524 1802 4481 1484 1803 4482 1523 1804 4483 1485 1805 4484 1484 1806 4485 1522 1807 4486 1523 1808 4487 1483 1809 4488 1522 1810 4489 1484 1811 4490 1483 1204 4491 1521 1205 4492 1522 1206 4493 1482 1812 4494 1521 1438 4495 1483 1813 4496 1482 1814 4497 1520 1815 4498 1521 1816 4499 1481 1008 4500 1520 1009 4501 1482 1010 4502 1481 1686 4503 1519 1687 4504 1520 1688 4505 1480 1689 4506 1519 1690 4507 1481 1691 4508 1480 1545 4509 1518 1692 4510 1519 1693 4511 1479 1440 4512 1518 1441 4513 1480 1442 4514 1479 1225 4515 1517 1226 4516 1518 1227 4517 1478 1446 4518 1517 1447 4519 1479 1448 4520 1478 1694 4521 1516 1695 4522 1517 1696 4523 1477 1697 4524 1516 1698 4525 1478 1699 4526 1477 1029 4527 1515 1030 4528 1516 1031 4529 1476 1566 4530 1515 1567 4531 1477 1568 4532 1476 1563 4533 1514 1564 4534 1515 1565 4535 1475 1569 4536 1513 1570 4537 1514 1700 4538 1475 1701 4539 1514 1573 4540 1476 1574 4541 1474 1702 4542 1512 1703 4543 1513 1704 4544 1474 1705 4545 1513 1258 4546 1475 1706 4547 1473 1707 4548 1512 1708 4549 1474 1709 4550 1473 1710 4551 1511 1711 4552 1512 1712 4553 1472 1713 4554 1510 1714 4555 1511 1715 4556 1472 1269 4557 1511 1270 4558 1473 1271 4559 1471 1716 4560 1510 1717 4561 1472 1718 4562 1471 1719 4563 1509 1720 4564 1510 1721 4565 1470 1722 4566 1508 1723 4567 1509 1724 4568 1470 1725 4569 1509 1726 4570 1471 1727 4571 1469 1817 4572 1507 1818 4573 1508 1819 4574 1469 1820 4575 1508 1464 4576 1470 1821 4577 1468 1822 4578 1506 1823 4579 1507 1824 4580 1468 1289 4581 1507 1290 4582 1469 1291 4583 1467 1825 4584 1505 1826 4585 1506 1827 4586 1467 1828 4587 1506 1829 4588 1468 1830 4589 1466 1831 4590 1504 1832 4591 1505 1833 4592 1466 1834 4593 1505 1835 4594 1467 1836 4595 1465 1837 4596 1502 1838 4597 1503 1839 4598 1465 1307 4599 1503 1308 4600 1504 1309 4601 1465 1840 4602 1504 1841 4603 1466 1842 4604 1464 1843 4605 1502 1844 4606 1465 1845 4607 1463 1757 4608 1502 1758 4609 1464 1759 4610 1463 1760 4611 1501 1761 4612 1502 1762 4613 1462 1763 4614 1501 1764 4615 1463 1765 4616 1462 1766 4617 1500 1767 4618 1501 1768 4619 1461 1769 4620 1500 1770 4621 1462 1771 4622 1461 1772 4623 1498 1773 4624 1499 1774 4625 1461 1327 4626 1499 1328 4627 1500 1329 4628 1460 1775 4629 1498 1776 4630 1461 1777 4631 1459 1778 4632 1498 1779 4633 1460 1780 4634 1459 1333 4635 1497 1781 4636 1498 1782 4637 1458 1783 4638 1497 1784 4639 1459 1785 4640 1458 1786 4641 1496 1787 4642 1497 1788 4643 1604 1640 4644 1567 1641 4645 1568 1642 4646 1604 1637 4647 1568 1638 4648 1605 1639 4649 1603 1846 4650 1565 1847 4651 1566 1848 4652 1603 1496 4653 1566 1497 4654 1567 1498 4655 1603 1499 4656 1567 1500 4657 1604 1501 4658 1602 1849 4659 1565 1850 4660 1603 1851 4661 1601 1505 4662 1563 1506 4663 1564 1507 4664 1601 954 4665 1564 955 4666 1565 956 4667 1601 1852 4668 1565 1853 4669 1602 1854 4670 1600 1511 4671 1563 1512 4672 1601 1513 4673 1599 1514 4674 1563 1515 4675 1600 1516 4676 1599 966 4677 1562 967 4678 1563 968 4679 1598 1855 4680 1562 1340 4681 1599 1856 4682 1598 1857 4683 1561 1858 4684 1562 1859 4685 1597 975 4686 1561 976 4687 1598 977 4688 1597 978 4689 1560 979 4690 1561 980 4691 1596 1522 4692 1560 1523 4693 1597 1524 4694 1596 1525 4695 1559 1526 4696 1560 1527 4697 1595 1528 4698 1559 1529 4699 1596 1530 4700 1595 1531 4701 1558 1532 4702 1559 1533 4703 1594 993 4704 1558 994 4705 1595 995 4706 1594 996 4707 1557 997 4708 1558 998 4709 1593 1369 4710 1556 1860 4711 1557 1861 4712 1593 1862 4713 1557 1863 4714 1594 1864 4715 1592 1539 4716 1555 1540 4717 1556 1541 4718 1592 1008 4719 1556 1009 4720 1593 1010 4721 1591 1542 4722 1555 1543 4723 1592 1544 4724 1591 1545 4725 1554 1546 4726 1555 1547 4727 1590 1865 4728 1553 1866 4729 1554 1867 4730 1590 1020 4731 1554 1021 4732 1591 1022 4733 1589 1868 4734 1552 1869 4735 1553 1870 4736 1589 1871 4737 1553 1872 4738 1590 1873 4739 1588 1557 4740 1551 1558 4741 1552 1559 4742 1588 1560 4743 1552 1561 4744 1589 1562 4745 1587 1035 4746 1550 1874 4747 1551 1875 4748 1587 1876 4749 1551 1039 4750 1588 1040 4751 1586 1041 4752 1549 1042 4753 1550 1877 4754 1586 1878 4755 1550 1045 4756 1587 1879 4757 1585 1575 4758 1548 1576 4759 1549 1577 4760 1585 1257 4761 1549 1258 4762 1586 1259 4763 1584 1880 4764 1547 1881 4765 1548 1882 4766 1584 1883 4767 1548 1884 4768 1585 1885 4769 1583 1059 4770 1546 1060 4771 1547 1061 4772 1583 1886 4773 1547 1887 4774 1584 1888 4775 1582 1581 4776 1545 1582 4777 1546 1583 4778 1582 1584 4779 1546 1585 4780 1583 1586 4781 1581 1071 4782 1544 1072 4783 1545 1073 4784 1581 1587 4785 1545 1588 4786 1582 1589 4787 1580 1889 4788 1543 1890 4789 1544 1891 4790 1580 1892 4791 1544 1893 4792 1581 1894 4793 1579 1083 4794 1542 1084 4795 1543 1085 4796 1579 1086 4797 1543 1087 4798 1580 1088 4799 1578 1595 4800 1541 1596 4801 1542 1597 4802 1578 1598 4803 1542 1599 4804 1579 1600 4805 1577 1601 4806 1540 1602 4807 1541 1603 4808 1577 1604 4809 1541 1605 4810 1578 1606 4811 1576 1895 4812 1538 1896 4813 1539 1897 4814 1576 1104 4815 1539 1105 4816 1540 1106 4817 1576 1107 4818 1540 1108 4819 1577 1109 4820 1575 1898 4821 1538 1899 4822 1576 1900 4823 1574 1113 4824 1538 1114 4825 1575 1115 4826 1574 1613 4827 1537 1614 4828 1538 1615 4829 1573 1616 4830 1536 1617 4831 1537 1618 4832 1573 1619 4833 1537 1620 4834 1574 1621 4835 1572 1125 4836 1536 1126 4837 1573 1127 4838 1572 1324 4839 1534 1325 4840 1535 1326 4841 1572 1327 4842 1535 1328 4843 1536 1329 4844 1571 1901 4845 1534 1902 4846 1572 1903 4847 1570 1333 4848 1533 1334 4849 1534 1335 4850 1570 1631 4851 1534 1632 4852 1571 1633 4853 1569 1786 4854 1532 1787 4855 1533 1904 4856 1569 1905 4857 1533 1784 4858 1570 1785 4859 1645 1906 4860 1607 1907 4861 1606 1908 4862 1645 1909 4863 1606 1910 4864 1644 1911 4865 1646 1912 4866 1608 1913 4867 1607 1914 4868 1646 1915 4869 1607 1916 4870 1645 1917 4871 1647 1918 4872 1609 1919 4873 1608 1920 4874 1647 1921 4875 1608 1922 4876 1646 1923 4877 1648 1924 4878 1610 1925 4879 1609 1926 4880 1648 1927 4881 1609 1928 4882 1647 1929 4883 1649 1930 4884 1611 1931 4885 1610 1932 4886 1649 1933 4887 1610 1934 4888 1648 1935 4889 1650 1936 4890 1612 1937 4891 1611 1938 4892 1650 1939 4893 1611 1940 4894 1649 1941 4895 1651 1942 4896 1612 1943 4897 1650 1944 4898 1651 1945 4899 1613 1946 4900 1612 1947 4901 1652 1948 4902 1614 1949 4903 1613 1950 4904 1652 1951 4905 1613 1952 4906 1651 1953 4907 1653 1954 4908 1615 1955 4909 1614 1956 4910 1653 1957 4911 1614 1958 4912 1652 1959 4913 1654 1960 4914 1616 1961 4915 1615 1962 4916 1654 1963 4917 1615 1964 4918 1653 1965 4919 1655 1966 4920 1617 1967 4921 1616 1968 4922 1655 1969 4923 1616 1970 4924 1654 1971 4925 1656 1972 4926 1618 1973 4927 1617 1974 4928 1656 1975 4929 1617 1976 4930 1655 1977 4931 1657 1978 4932 1619 1979 4933 1618 1980 4934 1657 1981 4935 1618 1982 4936 1656 1983 4937 1658 1984 4938 1620 1985 4939 1619 1986 4940 1658 1987 4941 1619 1988 4942 1657 1989 4943 1659 1990 4944 1621 1991 4945 1620 1992 4946 1659 1993 4947 1620 1994 4948 1658 1995 4949 1660 1996 4950 1622 1997 4951 1621 1998 4952 1660 1999 4953 1623 2000 4954 1622 2001 4955 1660 2002 4956 1621 2003 4957 1659 2004 4958 1661 2005 4959 1623 2006 4960 1660 2007 4961 1662 2008 4962 1624 2009 4963 1623 2010 4964 1662 2011 4965 1623 2012 4966 1661 2013 4967 1663 2014 4968 1625 2015 4969 1624 2016 4970 1663 2017 4971 1624 2018 4972 1662 2019 4973 1664 2020 4974 1626 2021 4975 1625 2022 4976 1664 2023 4977 1625 2024 4978 1663 2025 4979 1665 2026 4980 1627 2027 4981 1626 2028 4982 1665 2029 4983 1626 2030 4984 1664 2031 4985 1666 2032 4986 1628 2033 4987 1627 2034 4988 1666 2035 4989 1627 2036 4990 1665 2037 4991 1667 2038 4992 1629 2039 4993 1628 2040 4994 1667 2041 4995 1628 2042 4996 1666 2043 4997 1668 2044 4998 1630 2045 4999 1629 2046 5000 1668 2047 5001 1629 2048 5002 1667 2049 5003 1669 2050 5004 1631 2051 5005 1630 2052 5006 1669 2053 5007 1630 2054 5008 1668 2055 5009 1670 2056 5010 1632 2057 5011 1631 2058 5012 1670 2059 5013 1631 2060 5014 1669 2061 5015 1671 2062 5016 1633 2063 5017 1632 2064 5018 1671 2065 5019 1632 2066 5020 1670 2067 5021 1672 2068 5022 1634 2069 5023 1633 2070 5024 1672 2071 5025 1633 2072 5026 1671 2073 5027 1673 2074 5028 1635 2075 5029 1634 2076 5030 1673 2077 5031 1634 2078 5032 1672 2079 5033 1674 2080 5034 1636 2081 5035 1635 2082 5036 1674 2083 5037 1635 2084 5038 1673 2085 5039 1675 2086 5040 1636 2087 5041 1674 2088 5042 1675 2089 5043 1637 2090 5044 1636 2091 5045 1676 2092 5046 1637 2093 5047 1675 2094 5048 1676 2095 5049 1638 2096 5050 1637 2097 5051 1677 2098 5052 1638 2099 5053 1676 2100 5054 1677 2101 5055 1639 2102 5056 1638 2103 5057 1678 2104 5058 1639 2105 5059 1677 2106 5060 1678 2107 5061 1640 2108 5062 1639 2109 5063 1679 2110 5064 1640 2111 5065 1678 2112 5066 1679 2113 5067 1641 2114 5068 1640 2115 5069 1679 2116 5070 1642 2117 5071 1641 2118 5072 1643 2119 5073 1642 2120 5074 1679 2121 5075</p>
        </triangles>
      </mesh>
    </geometry>
  </library_geometries>
  <library_visual_scenes>
    <visual_scene id="Scene" name="Scene">
      <node id="gp12_link_6_t" name="gp12_link_6_t" type="NODE">
        <matrix sid="transform">9.99987e-4 0 0 -0.7949922 0 9.99987e-4 1.19208e-10 0 0 -1.19208e-10 9.99987e-4 -1.263974 0 0 0 1</matrix>
        <instance_geometry url="#GP12_T-mesh" name="gp12_link_6_t">
          <bind_material>
            <technique_common>
              <instance_material symbol="white-material" target="#white-material">
                <bind_vertex_input semantic="UVMap" input_semantic="TEXCOORD" input_set="0"/>
              </instance_material>
            </technique_common>
          </bind_material>
        </instance_geometry>
      </node>
    </visual_scene>
  </library_visual_scenes>
  <scene>
    <instance_visual_scene url="#Scene"/>
  </scene>
</COLLADA>